country,indicator,model,mae,shared_order
AFG,Capacity,ets,0.006558681973636249,
AFG,Economic,arima_shared_order,0.02189153116973668,"(2, 0, 0)"
AFG,Ecosystems,arima_shared_order,0.0020640459935261425,"(2, 0, 0)"
AFG,Exposure,arima,0.0,
AFG,Food,arima_shared_order,0.010685789731046436,"(2, 0, 0)"
AFG,Governance,ets,0.015155644190746775,
AFG,Habitat,ets,0.007526106657075338,
AFG,Health,arima,0.014815688171531916,
AFG,Infrastructure,ets,0.003938432443482587,
AFG,Sensitivity,ets,0.015342431498286003,
AFG,Social,ets,0.0018000810064214613,
AFG,Water,ets,8.43130484470045e-05,
AGO,Capacity,arima,0.0012913488991241895,
AGO,Economic,arima,0.03520320457869588,
AGO,Ecosystems,arima_shared_order,0.0015744540901799996,"(2, 0, 0)"
AGO,Exposure,ets,1.1102230246251565e-16,
AGO,Food,arima_shared_order,0.006525789492492984,"(2, 0, 0)"
AGO,Governance,ets,0.019876348819084556,
AGO,Habitat,ets,0.009795113844148773,
AGO,Health,ets,0.014249864127130318,
AGO,Infrastructure,arima,0.015607373768531751,
AGO,Sensitivity,ets,0.00487920586974524,
AGO,Social,arima_shared_order,0.0014731278291367333,"(2, 0, 0)"
AGO,Water,arima,0.0018009521715561584,
ALB,Capacity,ets,0.0018099028122365412,
ALB,Economic,arima,0.02391664758664973,
ALB,Ecosystems,ets,0.002205536063532132,
ALB,Exposure,arima,0.0,
ALB,Food,ets,0.023830851215355987,
ALB,Governance,ets,0.04629224990091361,
ALB,Habitat,ets,0.011477571972856305,
ALB,Health,ets,0.002986810459191469,
ALB,Infrastructure,arima_shared_order,0.012194111792789042,"(2, 0, 0)"
ALB,Sensitivity,ets,0.007470615788339641,
ALB,Social,arima_shared_order,0.004856401498480811,"(2, 0, 0)"
ALB,Water,arima,0.0014173356192952013,
ARE,Capacity,arima_shared_order,0.011215413960654064,"(2, 0, 0)"
ARE,Economic,arima_shared_order,0.04689888930446846,"(2, 0, 0)"
ARE,Ecosystems,arima,0.0026686073269310386,
ARE,Exposure,arima,0.0,
ARE,Food,arima_shared_order,0.001633438944351906,"(2, 0, 0)"
ARE,Governance,arima,0.012130356327129267,
ARE,Habitat,arima,0.007842785014996434,
ARE,Health,ets,0.015968725513535387,
ARE,Infrastructure,arima,0.0,
ARE,Sensitivity,arima,0.0009862853274916871,
ARE,Social,ets,0.007506599751719034,
ARE,Water,ets,2.6830136939959283e-05,
ARG,Capacity,arima,0.016266186479790536,
ARG,Economic,arima,0.012276790644091862,
ARG,Ecosystems,arima,0.0006278941839892749,
ARG,Exposure,arima,0.0,
ARG,Food,arima_shared_order,0.002490274451683372,"(2, 0, 0)"
ARG,Governance,arima_shared_order,0.029871542216485712,"(2, 0, 0)"
ARG,Habitat,arima_shared_order,0.0010944777875055544,"(2, 0, 0)"
ARG,Health,ets,0.009391558901206364,
ARG,Infrastructure,arima_shared_order,0.02667189502636751,"(2, 0, 0)"
ARG,Sensitivity,ets,0.004344770884827725,
ARG,Social,ets,0.005849212021804573,
ARG,Water,arima_shared_order,0.0003845561895741589,"(2, 0, 0)"
ARM,Capacity,ets,0.004889680454536605,
ARM,Economic,ets,0.12910370520979733,
ARM,Ecosystems,ets,0.010961385415480685,
ARM,Exposure,arima,0.0,
ARM,Food,ets,0.0031573176239953595,
ARM,Governance,ets,0.021305610088767923,
ARM,Habitat,ets,0.003679400065147809,
ARM,Health,ets,0.004558643542039387,
ARM,Infrastructure,arima,0.014137293609722046,
ARM,Sensitivity,ets,0.004895768053631677,
ARM,Social,ets,0.004766017617030683,
ARM,Water,ets,0.00424805633778691,
ATG,Capacity,ets,0.0031334597412163933,
ATG,Economic,ets,0.014700715545915566,
ATG,Ecosystems,arima_shared_order,0.004164388777877459,"(2, 0, 0)"
ATG,Exposure,arima,0.0,
ATG,Food,ets,0.008091142702617127,
ATG,Governance,arima,0.15956425007686356,
ATG,Habitat,arima_shared_order,0.0001234396700876883,"(2, 0, 0)"
ATG,Health,ets,0.01083813389373427,
ATG,Infrastructure,ets,0.0023842772628781097,
ATG,Sensitivity,ets,0.004672676362964978,
ATG,Social,arima,0.005102428676164661,
ATG,Water,arima,0.0019663919254766073,
AUS,Capacity,ets,0.010523910382441803,
AUS,Economic,arima,0.026534069327383357,
AUS,Ecosystems,ets,0.000628242474600782,
AUS,Exposure,ets,6.661338147750939e-17,
AUS,Food,arima_shared_order,0.0012543131758777748,"(2, 0, 0)"
AUS,Governance,ets,0.008394432028256594,
AUS,Habitat,arima,0.004073719526513897,
AUS,Health,ets,0.002253363196383329,
AUS,Infrastructure,ets,0.01416665599535935,
AUS,Sensitivity,arima_shared_order,0.000925990492144968,"(2, 0, 0)"
AUS,Social,arima,0.03286170883708624,
AUS,Water,arima_shared_order,0.00282727183506839,"(2, 0, 0)"
AUT,Capacity,ets,0.0059161862350194825,
AUT,Economic,arima,0.024551045502416203,
AUT,Ecosystems,ets,0.0007046248041872816,
AUT,Exposure,arima,0.0,
AUT,Food,arima_shared_order,0.0035702215315936313,"(2, 0, 0)"
AUT,Governance,ets,0.009370175656122044,
AUT,Habitat,arima_shared_order,0.0049311883400553255,"(2, 0, 0)"
AUT,Health,arima_shared_order,0.0003051283005838512,"(2, 0, 0)"
AUT,Infrastructure,ets,0.004205505219104222,
AUT,Sensitivity,arima,0.0013783086287301404,
AUT,Social,ets,0.0010493069395631437,
AUT,Water,arima,8.601454743278891e-05,
AZE,Capacity,ets,0.0024864336454718527,
AZE,Economic,ets,0.11267698123773573,
AZE,Ecosystems,ets,0.0015403681280153013,
AZE,Exposure,ets,5.551115123125783e-17,
AZE,Food,ets,0.012423201043895849,
AZE,Governance,ets,0.0069102833720551485,
AZE,Habitat,arima,0.002227550059653327,
AZE,Health,arima_shared_order,0.0015961732489057855,"(2, 0, 0)"
AZE,Infrastructure,arima_shared_order,0.0005748108503410898,"(2, 0, 0)"
AZE,Sensitivity,arima_shared_order,0.003119278948405524,"(2, 0, 0)"
AZE,Social,ets,0.0047641354034209105,
AZE,Water,ets,0.0005886568756476307,
BDI,Capacity,ets,0.017041670737112623,
BDI,Economic,arima,0.036124621369957775,
BDI,Ecosystems,ets,0.006008371278464519,
BDI,Exposure,arima,0.0,
BDI,Food,ets,0.01513688280967449,
BDI,Governance,arima_shared_order,0.02286598278996037,"(2, 0, 0)"
BDI,Habitat,ets,0.01003600894115444,
BDI,Health,arima,0.008531861844178623,
BDI,Infrastructure,ets,0.003938432443482587,
BDI,Sensitivity,arima_shared_order,0.006815730894195437,"(2, 0, 0)"
BDI,Social,ets,0.001912237073261136,
BDI,Water,ets,9.863412014921025e-08,
BEL,Capacity,ets,0.004119781294470682,
BEL,Economic,arima,0.016049354718971474,
BEL,Ecosystems,arima,0.006861020874117297,
BEL,Exposure,arima,0.0,
BEL,Food,ets,0.004429306635173181,
BEL,Governance,arima_shared_order,0.014662790045717028,"(2, 0, 0)"
BEL,Habitat,arima_shared_order,0.005253203348390556,"(2, 0, 0)"
BEL,Health,ets,0.004933718328068099,
BEL,Infrastructure,arima,0.007495783642307208,
BEL,Sensitivity,arima,0.0030788596107195975,
BEL,Social,ets,0.0197302472861978,
BEL,Water,ets,0.004824604455184523,
BEN,Capacity,arima,0.006634109339856198,
BEN,Economic,arima,0.04294342255914587,
BEN,Ecosystems,ets,0.010632399805360748,
BEN,Exposure,ets,6.661338147750939e-17,
BEN,Food,arima,0.013802754257084836,
BEN,Governance,arima,0.02569315169433144,
BEN,Habitat,arima,0.004070144777320639,
BEN,Health,arima_shared_order,0.022565996797497222,"(2, 0, 0)"
BEN,Infrastructure,arima,0.006344221890737,
BEN,Sensitivity,ets,0.01089136542395921,
BEN,Social,arima_shared_order,0.0015000844003032255,"(2, 0, 0)"
BEN,Water,ets,2.3146663377660026e-06,
BFA,Capacity,arima_shared_order,0.007010746160452408,"(2, 0, 0)"
BFA,Economic,arima,0.024540250075110202,
BFA,Ecosystems,ets,0.005171620553830758,
BFA,Exposure,arima,0.0,
BFA,Food,ets,0.006637588242661208,
BFA,Governance,arima_shared_order,0.0558858331960355,"(2, 0, 0)"
BFA,Habitat,ets,0.0038876427866143095,
BFA,Health,ets,0.06408390941050757,
BFA,Infrastructure,ets,0.022087400520909316,
BFA,Sensitivity,ets,0.01836470072521377,
BFA,Social,ets,0.002327980122330331,
BFA,Water,ets,0.00035281730597832575,
BGD,Capacity,ets,0.020759496584791436,
BGD,Economic,arima_shared_order,0.5969002750938508,"(2, 0, 0)"
BGD,Ecosystems,ets,0.0016177677504826792,
BGD,Exposure,arima,0.0,
BGD,Food,ets,0.0072956614081917115,
BGD,Governance,ets,0.0056259541996535045,
BGD,Habitat,arima,0.008794345796242853,
BGD,Health,ets,0.017833290910823328,
BGD,Infrastructure,ets,0.006665447151024928,
BGD,Sensitivity,ets,0.0028523771708709013,
BGD,Social,ets,0.010157245957551297,
BGD,Water,ets,0.00018412409961798826,
BGR,Capacity,ets,0.01619573279066131,
BGR,Economic,arima_shared_order,0.015163879061960928,"(2, 0, 0)"
BGR,Ecosystems,ets,0.004964499738512995,
BGR,Exposure,ets,5.551115123125783e-17,
BGR,Food,arima_shared_order,0.0013202815069055184,"(2, 0, 0)"
BGR,Governance,arima_shared_order,0.005745379735660516,"(2, 0, 0)"
BGR,Habitat,arima_shared_order,0.007337271090855979,"(2, 0, 0)"
BGR,Health,ets,0.0009831677296568754,
BGR,Infrastructure,ets,0.026029085153814153,
BGR,Sensitivity,arima,0.0023576682497224,
BGR,Social,ets,0.005461794205818715,
BGR,Water,arima_shared_order,0.001144861551962467,"(2, 0, 0)"
BHR,Capacity,arima_shared_order,0.003028139811816366,"(2, 0, 0)"
BHR,Economic,ets,0.014571919935279653,
BHR,Ecosystems,ets,0.003580367112981253,
BHR,Exposure,arima,0.0,
BHR,Food,ets,0.0025945199900073157,
BHR,Governance,arima,0.08199239346840813,
BHR,Habitat,ets,0.003313819954042363,
BHR,Health,arima_shared_order,0.0003311182593260575,"(2, 0, 0)"
BHR,Infrastructure,arima,0.0,
BHR,Sensitivity,arima_shared_order,0.0034641727350747664,"(2, 0, 0)"
BHR,Social,arima,0.015272000387906748,
BHR,Water,ets,1.182831970159004e-06,
BHS,Capacity,ets,0.0018646597156743994,
BHS,Economic,ets,0.013186735205569145,
BHS,Ecosystems,ets,0.0024080682484536988,
BHS,Exposure,ets,6.661338147750939e-17,
BHS,Food,arima_shared_order,0.00523544758990121,"(2, 0, 0)"
BHS,Governance,arima,0.04214056944844439,
BHS,Habitat,arima,0.003109309923823944,
BHS,Health,ets,0.0010624605761813456,
BHS,Infrastructure,ets,0.003938432443482587,
BHS,Sensitivity,arima_shared_order,0.0022547355910884415,"(2, 0, 0)"
BHS,Social,ets,0.005289393102813444,
BHS,Water,ets,0.0005226679873012397,
BIH,Capacity,ets,0.009680556716585176,
BIH,Economic,arima_shared_order,0.006095491974557876,"(2, 0, 0)"
BIH,Ecosystems,ets,0.0037427959563330893,
BIH,Exposure,ets,0.0,
BIH,Food,arima,0.005954826957650494,
BIH,Governance,arima,0.027236499298453908,
BIH,Habitat,arima_shared_order,0.0027324553018862052,"(2, 0, 0)"
BIH,Health,ets,0.009901505379618392,
BIH,Infrastructure,ets,0.00680209463214782,
BIH,Sensitivity,arima_shared_order,0.004156022822715877,"(2, 0, 0)"
BIH,Social,ets,0.01620441849938945,
BIH,Water,ets,0.0004861946323576616,
BLR,Capacity,ets,0.011065577820371486,
BLR,Economic,ets,0.13135803303618954,
BLR,Ecosystems,ets,0.005604190464677727,
BLR,Exposure,ets,6.661338147750939e-17,
BLR,Food,arima_shared_order,0.005039033286566097,"(2, 0, 0)"
BLR,Governance,ets,0.04362279107602522,
BLR,Habitat,ets,0.021010635283852698,
BLR,Health,arima_shared_order,0.0029395566004031815,"(2, 0, 0)"
BLR,Infrastructure,arima,0.045926267774068365,
BLR,Sensitivity,arima_shared_order,0.004252271405897856,"(2, 0, 0)"
BLR,Social,arima_shared_order,0.0748673422038205,"(2, 0, 0)"
BLR,Water,arima_shared_order,0.00043086691669934617,"(2, 0, 0)"
BLZ,Capacity,ets,0.014670386498468146,
BLZ,Economic,arima_shared_order,0.011511307209980549,"(2, 0, 0)"
BLZ,Ecosystems,arima,0.003006535285077061,
BLZ,Exposure,arima,0.0,
BLZ,Food,ets,0.013598731953908105,
BLZ,Governance,ets,0.010827132415776108,
BLZ,Habitat,ets,0.00228672867489117,
BLZ,Health,arima_shared_order,0.016471430757691363,"(2, 0, 0)"
BLZ,Infrastructure,ets,0.003938432443482587,
BLZ,Sensitivity,arima_shared_order,0.009125677941645715,"(2, 0, 0)"
BLZ,Social,ets,0.002720960782041426,
BLZ,Water,arima_shared_order,0.0021699706113220583,"(2, 0, 0)"
BOL,Capacity,ets,0.0180785542874188,
BOL,Economic,arima,0.012764406587062816,
BOL,Ecosystems,ets,0.0022280656467778106,
BOL,Exposure,ets,0.0,
BOL,Food,arima_shared_order,0.0038521837041882835,"(2, 0, 0)"
BOL,Governance,arima,0.021511367506334866,
BOL,Habitat,ets,0.0039778320832476455,
BOL,Health,ets,0.005163817267184023,
BOL,Infrastructure,ets,0.03780884815907763,
BOL,Sensitivity,ets,0.002860928079148661,
BOL,Social,ets,0.008760469721789076,
BOL,Water,ets,1.5908600777458927e-05,
BRA,Capacity,arima_shared_order,0.0008878017386325321,"(2, 0, 0)"
BRA,Economic,arima_shared_order,0.23412895458342214,"(2, 0, 0)"
BRA,Ecosystems,ets,0.0011217316423354107,
BRA,Exposure,ets,1.1102230246251565e-16,
BRA,Food,arima,0.001917708497455206,
BRA,Governance,ets,0.08198785142842276,
BRA,Habitat,ets,0.005635655536973117,
BRA,Health,arima,0.01714981428925193,
BRA,Infrastructure,arima,0.02752494549089727,
BRA,Sensitivity,ets,0.010620256579559183,
BRA,Social,ets,0.0033206606190634203,
BRA,Water,ets,0.0008842849982242052,
BRB,Capacity,ets,0.00807204018946881,
BRB,Economic,ets,0.02081014470357001,
BRB,Ecosystems,arima_shared_order,0.014084310511030252,"(2, 0, 0)"
BRB,Exposure,ets,0.0,
BRB,Food,ets,0.013600460572179729,
BRB,Governance,arima_shared_order,0.05131063113763694,"(2, 0, 0)"
BRB,Habitat,ets,0.0006553347216686656,
BRB,Health,ets,0.0030755326670632854,
BRB,Infrastructure,ets,5.018785181927221e-05,
BRB,Sensitivity,ets,0.0034055368459757094,
BRB,Social,ets,0.02547457066415402,
BRB,Water,ets,0.0005226679873012397,
BRN,Capacity,arima_shared_order,0.007899246620417189,"(2, 0, 0)"
BRN,Economic,ets,0.03123086426883189,
BRN,Ecosystems,arima,0.005901969870777224,
BRN,Exposure,arima,0.0,
BRN,Food,ets,0.009418554968925085,
BRN,Governance,ets,0.020967862300170392,
BRN,Habitat,ets,0.003826799930046243,
BRN,Health,arima_shared_order,0.0038570189573943203,"(2, 0, 0)"
BRN,Infrastructure,ets,0.0,
BRN,Sensitivity,arima,0.004613964503804846,
BRN,Social,ets,0.02126189648194765,
BRN,Water,arima_shared_order,7.105505855187211e-06,"(2, 0, 0)"
BTN,Capacity,ets,0.010610669957472996,
BTN,Economic,ets,0.07366812253504693,
BTN,Ecosystems,arima,0.003623793806455944,
BTN,Exposure,arima,0.0,
BTN,Food,ets,0.004306869431444515,
BTN,Governance,ets,0.08862413159570329,
BTN,Habitat,ets,0.005634834976911507,
BTN,Health,ets,0.022132719133061075,
BTN,Infrastructure,ets,0.003938432443482587,
BTN,Sensitivity,ets,0.00893044307085683,
BTN,Social,ets,0.0013296039411540227,
BTN,Water,ets,0.00351625609794457,
BWA,Capacity,ets,0.01272234950224771,
BWA,Economic,arima_shared_order,0.0799372954784808,"(2, 0, 0)"
BWA,Ecosystems,arima_shared_order,0.002477574698716389,"(2, 0, 0)"
BWA,Exposure,ets,0.0,
BWA,Food,arima_shared_order,0.004941417295560757,"(2, 0, 0)"
BWA,Governance,arima_shared_order,0.02880640963207668,"(2, 0, 0)"
BWA,Habitat,ets,0.009975514355753922,
BWA,Health,ets,0.009085003145776427,
BWA,Infrastructure,ets,0.04290228575054662,
BWA,Sensitivity,ets,0.0065762062017416635,
BWA,Social,arima,0.008631715844336507,
BWA,Water,ets,0.004340955880266784,
CAF,Capacity,arima,0.004266812957237476,
CAF,Economic,arima_shared_order,0.015747721681268832,"(2, 0, 0)"
CAF,Ecosystems,arima,0.0035572047528802607,
CAF,Exposure,arima,0.0,
CAF,Food,arima,0.038093418321643056,
CAF,Governance,arima_shared_order,0.026523681767896434,"(2, 0, 0)"
CAF,Habitat,ets,0.009878399984577513,
CAF,Health,ets,0.005293021232657402,
CAF,Infrastructure,ets,0.003938432443482587,
CAF,Sensitivity,arima_shared_order,0.007289730680537942,"(2, 0, 0)"
CAF,Social,arima,0.0020971733128433588,
CAF,Water,ets,3.2849390862710325e-05,
CAN,Capacity,arima_shared_order,0.0022498348541643677,"(2, 0, 0)"
CAN,Economic,arima_shared_order,0.01326976478279177,"(2, 0, 0)"
CAN,Ecosystems,ets,0.0008932384085280409,
CAN,Exposure,ets,4.4408920985006264e-17,
CAN,Food,arima,0.0006347776399829197,
CAN,Governance,ets,0.010522383177362687,
CAN,Habitat,ets,0.005289988050277883,
CAN,Health,ets,0.0014084063913670619,
CAN,Infrastructure,ets,3.340559347847216e-05,
CAN,Sensitivity,ets,0.0013192970981568686,
CAN,Social,arima_shared_order,0.004365050495248135,"(2, 0, 0)"
CAN,Water,ets,0.00018317813588287213,
CHE,Capacity,ets,0.024626449023378415,
CHE,Economic,arima,0.012563439199260062,
CHE,Ecosystems,ets,0.0010153601217322283,
CHE,Exposure,ets,3.3306690738754695e-17,
CHE,Food,arima,0.0006557349557180403,
CHE,Governance,arima,0.01783329124947674,
CHE,Habitat,arima,0.003698944603445553,
CHE,Health,ets,0.0007280284111888414,
CHE,Infrastructure,ets,0.06308958393282696,
CHE,Sensitivity,ets,0.002362295228677169,
CHE,Social,ets,0.007230254768862921,
CHE,Water,arima_shared_order,0.00022376213215467012,"(2, 0, 0)"
CHL,Capacity,ets,0.009107864135456023,
CHL,Economic,arima,0.01723900553554054,
CHL,Ecosystems,arima,0.0018131465310527895,
CHL,Exposure,ets,6.661338147750939e-17,
CHL,Food,arima_shared_order,0.0011857506568448473,"(2, 0, 0)"
CHL,Governance,arima_shared_order,0.06707037584381789,"(2, 0, 0)"
CHL,Habitat,arima,0.006180755021822559,
CHL,Health,ets,0.04226422355168042,
CHL,Infrastructure,arima,0.004397785926062425,
CHL,Sensitivity,arima_shared_order,0.000570269423332237,"(2, 0, 0)"
CHL,Social,ets,0.006507741315520854,
CHL,Water,arima_shared_order,0.0003782037012067807,"(2, 0, 0)"
CHN,Capacity,ets,0.006248239206583373,
CHN,Economic,arima_shared_order,0.3994569241325181,"(2, 0, 0)"
CHN,Ecosystems,ets,0.0009862876678308652,
CHN,Exposure,ets,0.0,
CHN,Food,arima_shared_order,0.0016683820496928403,"(2, 0, 0)"
CHN,Governance,arima,0.016560032020985993,
CHN,Habitat,ets,0.0016418610444552395,
CHN,Health,ets,0.0007822000042615795,
CHN,Infrastructure,arima,0.004216343865367284,
CHN,Sensitivity,ets,0.0012680599639822154,
CHN,Social,ets,0.017560782699126986,
CHN,Water,arima_shared_order,0.0027636885232384277,"(2, 0, 0)"
CIV,Capacity,ets,0.0038516973226481177,
CIV,Economic,arima_shared_order,0.1020376762872354,"(2, 0, 0)"
CIV,Ecosystems,arima,0.0026685881756494333,
CIV,Exposure,arima,0.0,
CIV,Food,arima_shared_order,0.004703638043686942,"(2, 0, 0)"
CIV,Governance,ets,0.022032280082919863,
CIV,Habitat,ets,0.003952799875974767,
CIV,Health,ets,0.01341824251077588,
CIV,Infrastructure,ets,0.0060566830589713905,
CIV,Sensitivity,arima,0.006852966174334285,
CIV,Social,arima_shared_order,0.01853040580273273,"(2, 0, 0)"
CIV,Water,arima,0.003218124154567392,
CMR,Capacity,ets,0.008867027820126272,
CMR,Economic,arima,0.008948920770778357,
CMR,Ecosystems,ets,0.0021027820798744656,
CMR,Exposure,arima,0.0,
CMR,Food,ets,0.015981091710676344,
CMR,Governance,ets,0.009918011023052365,
CMR,Habitat,arima_shared_order,0.006850429226507826,"(2, 0, 0)"
CMR,Health,arima,0.010885885709960342,
CMR,Infrastructure,ets,0.0007928199439201755,
CMR,Sensitivity,ets,0.004895613563427081,
CMR,Social,arima_shared_order,0.009765751065195106,"(2, 0, 0)"
CMR,Water,ets,8.100685359138104e-05,
COD,Capacity,ets,0.009516359782199956,
COD,Economic,arima_shared_order,0.046135335742954295,"(2, 0, 0)"
COD,Ecosystems,ets,0.000685611246195239,
COD,Exposure,arima,0.0,
COD,Food,ets,0.009312400024661072,
COD,Governance,ets,0.003612537220489509,
COD,Habitat,arima,0.0018704078184567762,
COD,Health,ets,0.004602155249294926,
COD,Infrastructure,ets,0.001548911680774656,
COD,Sensitivity,ets,0.004224456223104156,
COD,Social,ets,0.001768375123844712,
COD,Water,ets,7.94370230661423e-05,
COG,Capacity,ets,0.01548311970552103,
COG,Economic,arima_shared_order,0.016356499060597017,"(2, 0, 0)"
COG,Ecosystems,ets,0.0031663846014028606,
COG,Exposure,arima,0.0,
COG,Food,arima_shared_order,0.008100675702462668,"(2, 0, 0)"
COG,Governance,ets,0.012031206251094596,
COG,Habitat,arima_shared_order,0.014759675939513928,"(2, 0, 0)"
COG,Health,arima,0.08594650810948848,
COG,Infrastructure,ets,0.000875389871316673,
COG,Sensitivity,ets,0.02332232651565702,
COG,Social,ets,0.00889699996248008,
COG,Water,ets,0.0001432814556062034,
COL,Capacity,ets,0.005797648426131685,
COL,Economic,ets,0.017452370937485306,
COL,Ecosystems,arima_shared_order,0.001292392861637226,"(2, 0, 0)"
COL,Exposure,arima,0.0,
COL,Food,arima_shared_order,0.0031285110956765006,"(2, 0, 0)"
COL,Governance,arima_shared_order,0.011151198199242419,"(2, 0, 0)"
COL,Habitat,arima,0.004929026255844659,
COL,Health,ets,0.0007431189479830125,
COL,Infrastructure,ets,0.00772185519082842,
COL,Sensitivity,ets,0.0016249171352208547,
COL,Social,ets,0.006404454556304717,
COL,Water,ets,0.00034397763809681516,
COM,Capacity,ets,0.011866829167238756,
COM,Economic,arima,0.007660473959753955,
COM,Ecosystems,ets,0.003283482930548609,
COM,Exposure,arima,0.0,
COM,Food,ets,0.012793475519117692,
COM,Governance,arima_shared_order,0.020232664836139613,"(2, 0, 0)"
COM,Habitat,ets,0.007446228869113503,
COM,Health,arima,0.023616000263747838,
COM,Infrastructure,ets,0.011631445051068523,
COM,Sensitivity,arima_shared_order,0.013278106749294572,"(2, 0, 0)"
COM,Social,arima_shared_order,0.0011932783136308967,"(2, 0, 0)"
COM,Water,ets,0.0005226679873012397,
CPV,Capacity,ets,0.0036869584781135554,
CPV,Economic,arima_shared_order,0.052458063936003094,"(2, 0, 0)"
CPV,Ecosystems,ets,0.010434532763267423,
CPV,Exposure,ets,0.0,
CPV,Food,ets,0.007260324900215442,
CPV,Governance,ets,0.014294128273190921,
CPV,Habitat,arima_shared_order,0.0014320845859225218,"(2, 0, 0)"
CPV,Health,arima,0.03184869400678001,
CPV,Infrastructure,arima_shared_order,0.007940605278162604,"(2, 0, 0)"
CPV,Sensitivity,arima_shared_order,0.008823795068858631,"(2, 0, 0)"
CPV,Social,arima_shared_order,0.0060130310742921855,"(2, 0, 0)"
CPV,Water,ets,2.799999895874983e-06,
CRI,Capacity,ets,0.008367590815013714,
CRI,Economic,ets,0.05849095739600425,
CRI,Ecosystems,arima_shared_order,0.002186979710847803,"(2, 0, 0)"
CRI,Exposure,arima,0.0,
CRI,Food,ets,0.0017808170112716625,
CRI,Governance,ets,0.025783325393463542,
CRI,Habitat,arima_shared_order,0.004333312205972195,"(2, 0, 0)"
CRI,Health,ets,0.009622744050697485,
CRI,Infrastructure,ets,0.014707665862288388,
CRI,Sensitivity,arima_shared_order,0.0016696527977586918,"(2, 0, 0)"
CRI,Social,ets,0.002629893148336082,
CRI,Water,arima_shared_order,0.0005039837225262245,"(2, 0, 0)"
CUB,Capacity,arima_shared_order,0.0066367674872775725,"(2, 0, 0)"
CUB,Economic,arima,0.00678190276258257,
CUB,Ecosystems,arima,0.0024998268462567363,
CUB,Exposure,arima,0.0,
CUB,Food,arima_shared_order,0.0031126899348249857,"(2, 0, 0)"
CUB,Governance,ets,0.01683381616277968,
CUB,Habitat,arima,0.005305722020812542,
CUB,Health,arima_shared_order,0.0008047202118622754,"(2, 0, 0)"
CUB,Infrastructure,arima,0.004496122176288875,
CUB,Sensitivity,ets,0.00278680300459242,
CUB,Social,arima,0.016576040739764597,
CUB,Water,ets,0.004418211919164872,
CYP,Capacity,ets,0.0034021777955645094,
CYP,Economic,ets,0.01568910420492874,
CYP,Ecosystems,ets,0.0023638635673423948,
CYP,Exposure,ets,5.551115123125783e-17,
CYP,Food,arima_shared_order,0.00510777336522753,"(2, 0, 0)"
CYP,Governance,ets,0.04762505498011316,
CYP,Habitat,arima,0.006513190236537125,
CYP,Health,ets,0.0058041127794256405,
CYP,Infrastructure,ets,0.000149144551339897,
CYP,Sensitivity,arima,0.006990036302405722,
CYP,Social,ets,0.035099048029447834,
CYP,Water,ets,0.0017046172772888003,
CZE,Capacity,ets,0.009929712845929872,
CZE,Economic,ets,0.023926099782457466,
CZE,Ecosystems,ets,0.001215390600452837,
CZE,Exposure,ets,6.661338147750939e-17,
CZE,Food,ets,0.001955026889204109,
CZE,Governance,arima_shared_order,0.02589125758570493,"(2, 0, 0)"
CZE,Habitat,ets,0.001512980807967379,
CZE,Health,ets,0.003241491518895828,
CZE,Infrastructure,ets,0.008490183300518267,
CZE,Sensitivity,ets,0.005001075968781449,
CZE,Social,arima,0.012573585141269527,
CZE,Water,arima,0.0007850525121543883,
DEU,Capacity,ets,0.002059383905089063,
DEU,Economic,arima_shared_order,0.02008344393392154,"(2, 0, 0)"
DEU,Ecosystems,ets,0.0010467769885882273,
DEU,Exposure,arima,0.0,
DEU,Food,ets,0.0028106981918251507,
DEU,Governance,arima,0.008490827257988165,
DEU,Habitat,arima,0.001825951094999978,
DEU,Health,ets,0.0005947104215857201,
DEU,Infrastructure,arima_shared_order,0.003371418959858807,"(2, 0, 0)"
DEU,Sensitivity,arima_shared_order,0.0011539274818180955,"(2, 0, 0)"
DEU,Social,ets,0.002716003193373062,
DEU,Water,ets,0.0016435454746615453,
DJI,Capacity,arima,0.035005871482742056,
DJI,Economic,arima_shared_order,0.045337477051542875,"(2, 0, 0)"
DJI,Ecosystems,arima,0.011502084732760908,
DJI,Exposure,arima,0.0,
DJI,Food,arima,0.009449993152787805,
DJI,Governance,arima_shared_order,0.025227563610209967,"(2, 0, 0)"
DJI,Habitat,ets,0.02779670188383614,
DJI,Health,arima_shared_order,0.038872821853279026,"(2, 0, 0)"
DJI,Infrastructure,ets,0.003938432443482587,
DJI,Sensitivity,arima_shared_order,0.03170956294673535,"(2, 0, 0)"
DJI,Social,arima_shared_order,0.008345997610399291,"(2, 0, 0)"
DJI,Water,ets,5.3113667959625574e-08,
DMA,Capacity,ets,0.0018646597156743994,
DMA,Economic,arima,0.01355965831816921,
DMA,Ecosystems,ets,0.0043834010943879734,
DMA,Exposure,arima,0.0,
DMA,Food,arima,0.007990931860235828,
DMA,Governance,ets,0.010960324255467335,
DMA,Habitat,arima_shared_order,0.004225477304014546,"(2, 0, 0)"
DMA,Health,ets,0.0045432516651571445,
DMA,Infrastructure,ets,0.003938432443482587,
DMA,Sensitivity,ets,0.0037331964181265944,
DMA,Social,ets,0.002884900656583267,
DMA,Water,ets,0.0005226679873012397,
DNK,Capacity,arima_shared_order,0.0034462732832790223,"(2, 0, 0)"
DNK,Economic,arima,0.02417340750507272,
DNK,Ecosystems,arima_shared_order,0.01396171644378551,"(2, 0, 0)"
DNK,Exposure,ets,4.4408920985006264e-17,
DNK,Food,ets,0.00470250515840896,
DNK,Governance,arima,0.035899387225717797,
DNK,Habitat,ets,0.005202163197606158,
DNK,Health,ets,0.0006605261169928156,
DNK,Infrastructure,ets,0.012726628517245953,
DNK,Sensitivity,ets,0.004024596582555074,
DNK,Social,arima_shared_order,0.001842501722739609,"(2, 0, 0)"
DNK,Water,arima_shared_order,0.0028132545607055803,"(2, 0, 0)"
DOM,Capacity,ets,0.0020292705157185066,
DOM,Economic,ets,0.02966409174850342,
DOM,Ecosystems,ets,0.0014548358639874693,
DOM,Exposure,arima,0.0,
DOM,Food,ets,0.009472292758595036,
DOM,Governance,arima,0.00585229085496568,
DOM,Habitat,arima_shared_order,0.0019055470414346854,"(2, 0, 0)"
DOM,Health,arima_shared_order,0.019596803407239426,"(2, 0, 0)"
DOM,Infrastructure,ets,0.0032048449349679877,
DOM,Sensitivity,arima_shared_order,0.011948607716522109,"(2, 0, 0)"
DOM,Social,ets,0.015184315772099378,
DOM,Water,ets,4.9504005972345054e-05,
DZA,Capacity,ets,0.004194216525911454,
DZA,Economic,arima_shared_order,0.013470172068510377,"(2, 0, 0)"
DZA,Ecosystems,ets,0.002269251632458169,
DZA,Exposure,arima,0.0,
DZA,Food,ets,0.011300685922527942,
DZA,Governance,arima_shared_order,0.016555292692249667,"(2, 0, 0)"
DZA,Habitat,arima,0.0059942360303329445,
DZA,Health,ets,0.0035307293608647706,
DZA,Infrastructure,ets,0.00027954932758601504,
DZA,Sensitivity,ets,0.0022710953033420076,
DZA,Social,ets,0.012243942265199027,
DZA,Water,arima_shared_order,0.005401654054524252,"(2, 0, 0)"
ECU,Capacity,ets,0.02329795620010424,
ECU,Economic,arima,0.01903190713561038,
ECU,Ecosystems,ets,0.0012091527486874476,
ECU,Exposure,ets,1.1102230246251565e-16,
ECU,Food,ets,0.013063500890370273,
ECU,Governance,arima,0.017173941431671103,
ECU,Habitat,ets,0.0036649565909996793,
ECU,Health,ets,0.002005814298126829,
ECU,Infrastructure,ets,0.02811805665834809,
ECU,Sensitivity,arima,0.0020278871821972854,
ECU,Social,ets,0.002715204394247062,
ECU,Water,ets,0.00016364570652506184,
EGY,Capacity,ets,0.007298400172711106,
EGY,Economic,ets,0.010915248389334397,
EGY,Ecosystems,arima,0.0043360196914481565,
EGY,Exposure,arima,0.0,
EGY,Food,ets,0.010419547174725463,
EGY,Governance,arima_shared_order,0.00780738148677611,"(2, 0, 0)"
EGY,Habitat,arima,0.0028919246990174673,
EGY,Health,arima_shared_order,0.008665016205967147,"(2, 0, 0)"
EGY,Infrastructure,arima_shared_order,0.020157860287253214,"(2, 0, 0)"
EGY,Sensitivity,arima_shared_order,0.012313089173754631,"(2, 0, 0)"
EGY,Social,ets,0.01077252389684935,
EGY,Water,ets,0.0006425720807867963,
ERI,Capacity,ets,0.011910364142496443,
ERI,Economic,arima,0.013601420944163944,
ERI,Ecosystems,arima,0.006486234199110985,
ERI,Exposure,ets,6.661338147750939e-17,
ERI,Food,ets,0.001698205100757244,
ERI,Governance,ets,0.027658925231235275,
ERI,Habitat,arima,0.0034974481976761673,
ERI,Health,arima,0.02092558267741591,
ERI,Infrastructure,ets,0.007922934883543353,
ERI,Sensitivity,arima_shared_order,0.00925917939530061,"(2, 0, 0)"
ERI,Social,ets,0.0025951593965561235,
ERI,Water,ets,3.955775917174886e-06,
ESP,Capacity,ets,0.0030382493214198224,
ESP,Economic,ets,0.03182745730605765,
ESP,Ecosystems,ets,0.000996949843095274,
ESP,Exposure,arima,0.0,
ESP,Food,ets,0.003614971896817276,
ESP,Governance,ets,0.07229646018215562,
ESP,Habitat,ets,0.0031109935511949515,
ESP,Health,ets,0.0009975292878059317,
ESP,Infrastructure,arima,0.004273111590370071,
ESP,Sensitivity,ets,0.0006318349276696833,
ESP,Social,ets,0.008234658102825799,
ESP,Water,arima,0.0021586131394148223,
EST,Capacity,ets,0.008895278525583684,
EST,Economic,arima_shared_order,0.03699699353896334,"(2, 0, 0)"
EST,Ecosystems,arima_shared_order,0.0029549390533817775,"(2, 0, 0)"
EST,Exposure,ets,5.551115123125783e-17,
EST,Food,ets,0.0009548903596040103,
EST,Governance,ets,0.017552936119043062,
EST,Habitat,ets,0.007511679297043106,
EST,Health,arima_shared_order,0.0022181217492795056,"(2, 0, 0)"
EST,Infrastructure,ets,0.0042745700327360085,
EST,Sensitivity,ets,0.0029452239459744735,
EST,Social,arima,0.010901977167851773,
EST,Water,ets,0.0010659447994544546,
ETH,Capacity,ets,0.008898915415091357,
ETH,Economic,arima,0.022979542491171713,
ETH,Ecosystems,ets,0.007581799862849648,
ETH,Exposure,ets,1.1102230246251565e-16,
ETH,Food,ets,0.005434405521293062,
ETH,Governance,arima,0.010624128403365952,
ETH,Habitat,ets,0.010052450240101086,
ETH,Health,arima,0.021718091969174715,
ETH,Infrastructure,ets,0.03491277174798542,
ETH,Sensitivity,ets,0.020945420549348302,
ETH,Social,ets,0.004574773396792508,
ETH,Water,ets,0.004595875081969525,
FIN,Capacity,arima_shared_order,0.0034058171339095833,"(2, 0, 0)"
FIN,Economic,arima,0.028804348362428463,
FIN,Ecosystems,ets,0.00019863391567591647,
FIN,Exposure,arima,0.0,
FIN,Food,arima,0.003598925240927675,
FIN,Governance,ets,0.00634171416274866,
FIN,Habitat,arima_shared_order,0.015637213780348914,"(2, 0, 0)"
FIN,Health,arima,0.003034461503024216,
FIN,Infrastructure,ets,0.0016733596769093694,
FIN,Sensitivity,arima,0.0008389341379860304,
FIN,Social,arima,0.003219263438659292,
FIN,Water,arima_shared_order,0.00047091857218777846,"(2, 0, 0)"
FJI,Capacity,ets,0.001574665199312042,
FJI,Economic,ets,0.008781996460758234,
FJI,Ecosystems,ets,0.005556949156044743,
FJI,Exposure,arima,0.0,
FJI,Food,ets,0.004199105155401106,
FJI,Governance,arima_shared_order,0.05386186129206259,"(2, 0, 0)"
FJI,Habitat,arima,0.0038396102538236,
FJI,Health,ets,0.017259100804954575,
FJI,Infrastructure,ets,0.005554136740381832,
FJI,Sensitivity,ets,0.00474406649546526,
FJI,Social,ets,0.005854000003817639,
FJI,Water,ets,2.323381211897235e-05,
FRA,Capacity,ets,0.005426369667765424,
FRA,Economic,ets,0.018285454686070558,
FRA,Ecosystems,ets,0.0018643020038909609,
FRA,Exposure,ets,0.0,
FRA,Food,arima_shared_order,0.0026231565973175554,"(2, 0, 0)"
FRA,Governance,ets,0.010477034947294605,
FRA,Habitat,ets,0.0014966045732117904,
FRA,Health,ets,0.0006893818243812299,
FRA,Infrastructure,ets,0.005774788375178463,
FRA,Sensitivity,arima_shared_order,0.0022942120799020584,"(2, 0, 0)"
FRA,Social,ets,0.005899069345151897,
FRA,Water,ets,0.0006753620968739549,
FSM,Capacity,ets,0.0018646597156743994,
FSM,Economic,arima,0.0038504518405303887,
FSM,Ecosystems,ets,0.0010856723252712474,
FSM,Exposure,arima,0.0,
FSM,Food,arima,0.001543362358641298,
FSM,Governance,arima,0.17652170070785297,
FSM,Habitat,arima_shared_order,0.00042959719921114025,"(2, 0, 0)"
FSM,Health,arima,0.0022179249796869804,
FSM,Infrastructure,ets,0.010677406351352347,
FSM,Sensitivity,arima_shared_order,0.0007389531856580867,"(2, 0, 0)"
FSM,Social,arima_shared_order,0.0018375176029307382,"(2, 0, 0)"
FSM,Water,ets,0.0005226679873012397,
GAB,Capacity,ets,0.0025360913056900803,
GAB,Economic,arima_shared_order,0.018739495864833523,"(2, 0, 0)"
GAB,Ecosystems,ets,0.001250394393842169,
GAB,Exposure,arima,0.0,
GAB,Food,arima_shared_order,0.0099150274925074,"(2, 0, 0)"
GAB,Governance,arima_shared_order,0.005945993700475749,"(2, 0, 0)"
GAB,Habitat,ets,0.0034905593109653354,
GAB,Health,arima,0.005060077629979509,
GAB,Infrastructure,ets,0.0033155396840828964,
GAB,Sensitivity,arima_shared_order,0.0035159019718795205,"(2, 0, 0)"
GAB,Social,ets,0.001933457213947487,
GAB,Water,ets,0.0001227630734034868,
GBR,Capacity,arima,0.001949315177529365,
GBR,Economic,ets,0.02860265427677211,
GBR,Ecosystems,arima_shared_order,0.0011039558763128899,"(2, 0, 0)"
GBR,Exposure,arima,0.0,
GBR,Food,arima_shared_order,0.0033024934515082484,"(2, 0, 0)"
GBR,Governance,arima_shared_order,0.008716139346086926,"(2, 0, 0)"
GBR,Habitat,ets,0.00456240470919671,
GBR,Health,arima_shared_order,0.0005933307563585454,"(2, 0, 0)"
GBR,Infrastructure,arima,0.01730962334831701,
GBR,Sensitivity,arima_shared_order,0.009486014480053285,"(2, 0, 0)"
GBR,Social,arima,0.004154690850613163,
GBR,Water,arima_shared_order,0.0001982959951717822,"(2, 0, 0)"
GEO,Capacity,arima,0.03298753308704061,
GEO,Economic,ets,0.053521575603137375,
GEO,Ecosystems,ets,0.005601551989470222,
GEO,Exposure,ets,6.661338147750939e-17,
GEO,Food,arima_shared_order,0.011278855585813563,"(2, 0, 0)"
GEO,Governance,ets,0.03634513873290605,
GEO,Habitat,ets,0.003958738891592417,
GEO,Health,ets,0.01829081070557792,
GEO,Infrastructure,ets,0.06459158702597609,
GEO,Sensitivity,arima_shared_order,0.0018066644774603624,"(2, 0, 0)"
GEO,Social,ets,0.03188398513680153,
GEO,Water,arima_shared_order,0.0003555798541096111,"(2, 0, 0)"
GHA,Capacity,ets,0.012224188266288438,
GHA,Economic,ets,0.013989190745956791,
GHA,Ecosystems,ets,0.0063337660046903,
GHA,Exposure,arima,0.0,
GHA,Food,ets,0.007687247880601067,
GHA,Governance,arima_shared_order,0.011989658488759703,"(2, 0, 0)"
GHA,Habitat,arima,0.005164122747228194,
GHA,Health,arima,0.03561041322397933,
GHA,Infrastructure,arima_shared_order,0.03129025270181921,"(2, 0, 0)"
GHA,Sensitivity,arima_shared_order,0.02214087345519087,"(2, 0, 0)"
GHA,Social,arima_shared_order,0.005234479117482094,"(2, 0, 0)"
GHA,Water,ets,0.0002953792563186841,
GIN,Capacity,ets,0.003532937443210371,
GIN,Economic,arima_shared_order,0.015686664363144386,"(2, 0, 0)"
GIN,Ecosystems,ets,0.0017359108560395132,
GIN,Exposure,ets,4.4408920985006264e-17,
GIN,Food,arima_shared_order,0.002862796206905327,"(2, 0, 0)"
GIN,Governance,arima_shared_order,0.007582667169121704,"(2, 0, 0)"
GIN,Habitat,ets,0.008303662512205445,
GIN,Health,ets,0.04377444979032772,
GIN,Infrastructure,ets,0.003938432443482587,
GIN,Sensitivity,ets,0.01694322393712825,
GIN,Social,arima_shared_order,0.004288702765794072,"(2, 0, 0)"
GIN,Water,arima,0.00016088896302705047,
GMB,Capacity,ets,0.010576096983739958,
GMB,Economic,arima_shared_order,0.023087522787360305,"(2, 0, 0)"
GMB,Ecosystems,arima,0.003312744670550183,
GMB,Exposure,arima,0.0,
GMB,Food,ets,0.018419052036892446,
GMB,Governance,ets,0.027999065635265396,
GMB,Habitat,ets,0.006270007730573712,
GMB,Health,ets,0.008192386890258984,
GMB,Infrastructure,ets,0.006310926585579591,
GMB,Sensitivity,ets,0.005237613944028263,
GMB,Social,arima,0.004038423140393066,
GMB,Water,ets,0.0008617999998241643,
GNB,Capacity,arima,0.007167536393508178,
GNB,Economic,arima_shared_order,0.008564986169785137,"(2, 0, 0)"
GNB,Ecosystems,ets,0.002746959462781273,
GNB,Exposure,ets,1.1102230246251565e-16,
GNB,Food,arima_shared_order,0.008729462069767945,"(2, 0, 0)"
GNB,Governance,ets,0.04501133263512898,
GNB,Habitat,arima,0.003900574776617605,
GNB,Health,arima_shared_order,0.021833648055679732,"(2, 0, 0)"
GNB,Infrastructure,ets,0.003938432443482587,
GNB,Sensitivity,ets,0.005498469503179915,
GNB,Social,ets,0.002464053998901061,
GNB,Water,ets,3.569780122695265e-05,
GNQ,Capacity,ets,0.0018646597156743994,
GNQ,Economic,arima_shared_order,0.01759988278833846,"(2, 0, 0)"
GNQ,Ecosystems,ets,0.0023923437644049472,
GNQ,Exposure,arima,0.0,
GNQ,Food,ets,0.0007778660663630976,
GNQ,Governance,ets,0.0590123176766395,
GNQ,Habitat,ets,0.013776505364648205,
GNQ,Health,ets,0.012171419961250285,
GNQ,Infrastructure,ets,0.0004710228355165991,
GNQ,Sensitivity,ets,0.005141017581183504,
GNQ,Social,ets,0.004419018787713979,
GNQ,Water,ets,3.7586350698504134e-11,
GRC,Capacity,ets,0.0037386266439922377,
GRC,Economic,ets,0.04284507134437325,
GRC,Ecosystems,ets,0.0024043247955449097,
GRC,Exposure,ets,5.551115123125783e-17,
GRC,Food,ets,0.008683037115565529,
GRC,Governance,ets,0.011018275787306075,
GRC,Habitat,arima,0.003955510545592266,
GRC,Health,ets,0.010537531717676301,
GRC,Infrastructure,arima,0.0070238955810541515,
GRC,Sensitivity,arima,0.008860433092405284,
GRC,Social,arima_shared_order,0.005115804575463645,"(2, 0, 0)"
GRC,Water,arima_shared_order,0.0003162482055882543,"(2, 0, 0)"
GRD,Capacity,ets,0.002923749264910969,
GRD,Economic,arima_shared_order,0.022190021694432717,"(2, 0, 0)"
GRD,Ecosystems,ets,0.0023503204190288953,
GRD,Exposure,arima,0.0,
GRD,Food,arima,0.007926589554943297,
GRD,Governance,arima,0.022746282488129422,
GRD,Habitat,ets,0.00041959999382185087,
GRD,Health,ets,0.005700270189164258,
GRD,Infrastructure,ets,0.0010575339459973799,
GRD,Sensitivity,ets,0.005876234195736241,
GRD,Social,ets,0.019067362175824554,
GRD,Water,arima,0.0001420052052179266,
GTM,Capacity,ets,0.018562847884009148,
GTM,Economic,arima_shared_order,0.056296277061911,"(2, 0, 0)"
GTM,Ecosystems,arima,0.0013124273626033967,
GTM,Exposure,arima,0.0,
GTM,Food,arima_shared_order,0.011597340303377312,"(2, 0, 0)"
GTM,Governance,arima,0.021306673046979994,
GTM,Habitat,arima_shared_order,0.0027400185162636203,"(2, 0, 0)"
GTM,Health,ets,0.012509601668245529,
GTM,Infrastructure,ets,0.04779447007252982,
GTM,Sensitivity,ets,0.004389873576692627,
GTM,Social,ets,0.003953018200008196,
GTM,Water,ets,0.0002373587593917148,
GUY,Capacity,arima,0.004544485006966558,
GUY,Economic,arima_shared_order,0.015352503435664943,"(2, 0, 0)"
GUY,Ecosystems,ets,0.0022387391804437272,
GUY,Exposure,ets,6.661338147750939e-17,
GUY,Food,arima_shared_order,0.008127102651530582,"(2, 0, 0)"
GUY,Governance,arima_shared_order,0.03229344401399299,"(2, 0, 0)"
GUY,Habitat,arima,0.0033480194413340937,
GUY,Health,ets,0.016673043222124206,
GUY,Infrastructure,arima_shared_order,0.0017588541170076243,"(2, 0, 0)"
GUY,Sensitivity,ets,0.0018784992017306435,
GUY,Social,ets,0.002838693044319518,
GUY,Water,ets,0.0004217844973769647,
HND,Capacity,ets,0.0024550385447439592,
HND,Economic,ets,0.005198307964561199,
HND,Ecosystems,arima_shared_order,0.005607185921573032,"(2, 0, 0)"
HND,Exposure,ets,4.4408920985006264e-17,
HND,Food,ets,0.0023517635981359143,
HND,Governance,ets,0.05237209660740425,
HND,Habitat,arima,0.005957500095707613,
HND,Health,ets,0.00743637569278145,
HND,Infrastructure,ets,0.013866401382854965,
HND,Sensitivity,arima,0.00562673890983415,
HND,Social,ets,0.006446232408378072,
HND,Water,arima_shared_order,0.0018801950292799186,"(2, 0, 0)"
HRV,Capacity,ets,0.0069501696630699826,
HRV,Economic,arima_shared_order,0.0357581021175992,"(2, 0, 0)"
HRV,Ecosystems,ets,0.007189319049710851,
HRV,Exposure,arima,0.0,
HRV,Food,arima,0.002231974481627097,
HRV,Governance,arima_shared_order,0.00582591455166237,"(2, 0, 0)"
HRV,Habitat,arima,0.011481070370425284,
HRV,Health,ets,0.014730753277468034,
HRV,Infrastructure,ets,0.006597977874435656,
HRV,Sensitivity,ets,0.0052324978025942385,
HRV,Social,arima_shared_order,0.008983537912500127,"(2, 0, 0)"
HRV,Water,ets,0.00014867399312209483,
HTI,Capacity,ets,0.0071083280985006604,
HTI,Economic,arima,0.008339792771615562,
HTI,Ecosystems,ets,0.004365143812097039,
HTI,Exposure,arima,0.0,
HTI,Food,ets,0.031592183533827645,
HTI,Governance,arima_shared_order,0.021879181041349803,"(2, 0, 0)"
HTI,Habitat,ets,0.007428064977361104,
HTI,Health,arima,0.002327256069724548,
HTI,Infrastructure,ets,0.002190898220083859,
HTI,Sensitivity,ets,0.002098140768594803,
HTI,Social,ets,0.0023974544312582503,
HTI,Water,ets,5.118155945194047e-06,
HUN,Capacity,ets,0.010474420296764065,
HUN,Economic,arima,0.018099411029249425,
HUN,Ecosystems,ets,0.002775800953083163,
HUN,Exposure,ets,4.4408920985006264e-17,
HUN,Food,ets,0.0016430589382650073,
HUN,Governance,ets,0.030602509022093428,
HUN,Habitat,arima,0.003602125560526093,
HUN,Health,ets,0.0008482403493575097,
HUN,Infrastructure,arima,0.009246490244919515,
HUN,Sensitivity,arima,0.008041649546481655,
HUN,Social,arima_shared_order,0.005958178333905506,"(2, 0, 0)"
HUN,Water,ets,0.029027468613140518,
IDN,Capacity,ets,0.014564864900616547,
IDN,Economic,arima_shared_order,0.3919836468307776,"(2, 0, 0)"
IDN,Ecosystems,ets,0.002288163752099959,
IDN,Exposure,ets,1.1102230246251565e-16,
IDN,Food,ets,0.0044588462620047675,
IDN,Governance,ets,0.04354808545368547,
IDN,Habitat,arima,0.004476346248349428,
IDN,Health,ets,0.009519217484975306,
IDN,Infrastructure,ets,0.0018775727512027828,
IDN,Sensitivity,ets,0.0023229801478163335,
IDN,Social,ets,0.009565013623695395,
IDN,Water,arima,0.0002577864891402437,
IND,Capacity,ets,0.022558812155858532,
IND,Economic,arima_shared_order,0.5117805786935897,"(2, 0, 0)"
IND,Ecosystems,ets,0.001850118770140341,
IND,Exposure,ets,1.1102230246251565e-16,
IND,Food,arima,0.015509618272102288,
IND,Governance,arima_shared_order,0.022391708139064236,"(2, 0, 0)"
IND,Habitat,ets,0.00865020865898819,
IND,Health,ets,0.004451753162083905,
IND,Infrastructure,ets,0.04846767754431513,
IND,Sensitivity,arima_shared_order,0.0037230103030961746,"(2, 0, 0)"
IND,Social,ets,0.007403800061884791,
IND,Water,ets,0.00023824484496555166,
IRL,Capacity,arima_shared_order,0.007126007964584713,"(2, 0, 0)"
IRL,Economic,ets,0.021673298835989785,
IRL,Ecosystems,arima,0.002464665484125217,
IRL,Exposure,arima,0.0,
IRL,Food,ets,0.00509364231272072,
IRL,Governance,arima_shared_order,0.009997901994428104,"(2, 0, 0)"
IRL,Habitat,ets,0.008791757862241466,
IRL,Health,arima,0.00836623803834815,
IRL,Infrastructure,ets,0.019045548095087673,
IRL,Sensitivity,arima,0.010583951009556036,
IRL,Social,arima_shared_order,0.0050296776492287695,"(2, 0, 0)"
IRL,Water,ets,0.00010119979010214664,
IRN,Capacity,ets,0.007018192697298087,
IRN,Economic,arima,0.03422914670182351,
IRN,Ecosystems,ets,0.001719877867825692,
IRN,Exposure,arima,0.0,
IRN,Food,arima,0.015404035107877223,
IRN,Governance,arima_shared_order,0.040731079899300006,"(2, 0, 0)"
IRN,Habitat,arima,0.0020053269247791382,
IRN,Health,ets,0.005141459396081671,
IRN,Infrastructure,ets,0.00035743067352742854,
IRN,Sensitivity,arima,0.008278969906153278,
IRN,Social,ets,0.03528685608450285,
IRN,Water,arima,0.0010581213718896087,
IRQ,Capacity,arima_shared_order,0.004941470084467103,"(2, 0, 0)"
IRQ,Economic,arima_shared_order,0.041224005276347266,"(2, 0, 0)"
IRQ,Ecosystems,arima_shared_order,0.003694001072041475,"(2, 0, 0)"
IRQ,Exposure,arima,0.0,
IRQ,Food,ets,0.009108989244891775,
IRQ,Governance,arima,0.014455743644434315,
IRQ,Habitat,arima,0.003345604841891436,
IRQ,Health,ets,0.003703741217533163,
IRQ,Infrastructure,arima,0.00034033631566332545,
IRQ,Sensitivity,arima,0.0056602118414951445,
IRQ,Social,ets,0.014944682572110702,
IRQ,Water,ets,0.013219498747571501,
ISL,Capacity,arima,0.003825170803801814,
ISL,Economic,arima,0.01501460084367826,
ISL,Ecosystems,ets,0.0017997917034443534,
ISL,Exposure,ets,0.0,
ISL,Food,ets,0.0013581905509512104,
ISL,Governance,ets,0.012337162316602012,
ISL,Habitat,arima_shared_order,0.00403871697086391,"(2, 0, 0)"
ISL,Health,arima,0.002198507221245988,
ISL,Infrastructure,arima_shared_order,0.004299999675536137,"(2, 0, 0)"
ISL,Sensitivity,arima,0.0011261227939372898,
ISL,Social,ets,0.027573587832417767,
ISL,Water,ets,2.1777213404533535e-05,
ISR,Capacity,ets,0.005726568176624258,
ISR,Economic,arima_shared_order,0.026364528486740868,"(2, 0, 0)"
ISR,Ecosystems,ets,0.010654938820141235,
ISR,Exposure,ets,5.551115123125783e-17,
ISR,Food,arima_shared_order,0.0030636250305423663,"(2, 0, 0)"
ISR,Governance,ets,0.024804799551098745,
ISR,Habitat,arima,0.004449566261758864,
ISR,Health,ets,0.0022018880991262592,
ISR,Infrastructure,ets,0.024049418415156388,
ISR,Sensitivity,ets,0.00868898657811209,
ISR,Social,ets,0.008907368505268954,
ISR,Water,ets,2.0129849447325655e-07,
ITA,Capacity,arima,0.0012755478061434288,
ITA,Economic,ets,0.04521629180019737,
ITA,Ecosystems,ets,0.00103450796482758,
ITA,Exposure,ets,4.4408920985006264e-17,
ITA,Food,ets,0.004687917881724168,
ITA,Governance,arima,0.015118429998602778,
ITA,Habitat,ets,0.0004888435130351975,
ITA,Health,arima_shared_order,0.003592421253203093,"(2, 0, 0)"
ITA,Infrastructure,arima_shared_order,0.0030125420290372574,"(2, 0, 0)"
ITA,Sensitivity,arima_shared_order,0.0009421798366500145,"(2, 0, 0)"
ITA,Social,arima,0.025521476769946427,
ITA,Water,arima_shared_order,0.0014310591249894645,"(2, 0, 0)"
JAM,Capacity,arima_shared_order,0.0050887041407915,"(2, 0, 0)"
JAM,Economic,arima_shared_order,0.027502497730247356,"(2, 0, 0)"
JAM,Ecosystems,ets,0.0003006825019477799,
JAM,Exposure,arima,0.0,
JAM,Food,ets,0.006719890295986653,
JAM,Governance,arima_shared_order,0.00693240096092802,"(2, 0, 0)"
JAM,Habitat,arima,0.005906729695556468,
JAM,Health,arima_shared_order,0.001634004597813321,"(2, 0, 0)"
JAM,Infrastructure,ets,0.0006826503325596866,
JAM,Sensitivity,ets,0.0031795268345243266,
JAM,Social,ets,0.0050111911304171475,
JAM,Water,arima,0.004948756291936807,
JOR,Capacity,ets,0.0079477958391987,
JOR,Economic,arima,0.01306926019443233,
JOR,Ecosystems,ets,0.004025545672205655,
JOR,Exposure,arima,0.0,
JOR,Food,arima_shared_order,0.006391940670164331,"(2, 0, 0)"
JOR,Governance,arima,0.020882239978470475,
JOR,Habitat,arima_shared_order,0.002533649626863388,"(2, 0, 0)"
JOR,Health,ets,0.012027482313885285,
JOR,Infrastructure,arima,0.0015330254903169528,
JOR,Sensitivity,ets,0.00481268690732981,
JOR,Social,arima,0.010351480896074761,
JOR,Water,ets,0.005875338947592823,
JPN,Capacity,ets,0.00314091048491959,
JPN,Economic,arima_shared_order,0.14982512797986983,"(2, 0, 0)"
JPN,Ecosystems,ets,0.0033772412216953483,
JPN,Exposure,ets,1.1102230246251565e-16,
JPN,Food,arima_shared_order,0.003298305652644412,"(2, 0, 0)"
JPN,Governance,arima_shared_order,0.01713873237638559,"(2, 0, 0)"
JPN,Habitat,ets,0.002501000097879724,
JPN,Health,ets,0.0006307608050047042,
JPN,Infrastructure,ets,0.006728033233682396,
JPN,Sensitivity,ets,0.004010491022742313,
JPN,Social,arima,0.005152338314270377,
JPN,Water,ets,0.0001413399186145914,
KAZ,Capacity,ets,0.0037411617591242676,
KAZ,Economic,ets,0.10195276193552276,
KAZ,Ecosystems,ets,0.004460903841630071,
KAZ,Exposure,arima,0.0,
KAZ,Food,arima,0.0022872377445693703,
KAZ,Governance,ets,0.02885995280665741,
KAZ,Habitat,arima,0.004266972410872816,
KAZ,Health,arima,0.0055711034650516075,
KAZ,Infrastructure,arima_shared_order,0.0012996950574144961,"(2, 0, 0)"
KAZ,Sensitivity,arima_shared_order,0.000630856880883951,"(2, 0, 0)"
KAZ,Social,arima,0.04184658781997379,
KAZ,Water,ets,0.0023971008496110726,
KEN,Capacity,ets,0.012831304120711162,
KEN,Economic,arima,0.011716682744279616,
KEN,Ecosystems,ets,0.004175094115899181,
KEN,Exposure,ets,1.1102230246251565e-16,
KEN,Food,arima_shared_order,0.007169049089207413,"(2, 0, 0)"
KEN,Governance,ets,0.017132517670218173,
KEN,Habitat,arima_shared_order,0.02139527176268017,"(2, 0, 0)"
KEN,Health,arima,0.018108700150665458,
KEN,Infrastructure,ets,0.013938455458386501,
KEN,Sensitivity,ets,0.009907561316727731,
KEN,Social,ets,0.0007053514934681982,
KEN,Water,ets,0.0019837373560078974,
KGZ,Capacity,ets,0.013665272714215592,
KGZ,Economic,arima,0.06353396565306053,
KGZ,Ecosystems,ets,0.003427799815210597,
KGZ,Exposure,ets,5.551115123125783e-17,
KGZ,Food,arima,0.0053080155234185855,
KGZ,Governance,arima,0.013697435780947443,
KGZ,Habitat,arima_shared_order,0.010119119267275878,"(2, 0, 0)"
KGZ,Health,ets,0.012199372044035716,
KGZ,Infrastructure,arima,0.05581616899320936,
KGZ,Sensitivity,ets,0.006833940294314156,
KGZ,Social,ets,0.013781064403108579,
KGZ,Water,arima_shared_order,0.001353294249694731,"(2, 0, 0)"
KHM,Capacity,ets,0.01335795790301877,
KHM,Economic,arima,0.01652523359391833,
KHM,Ecosystems,ets,0.0019277041844609432,
KHM,Exposure,ets,6.661338147750939e-17,
KHM,Food,ets,0.0023962973835810696,
KHM,Governance,arima,0.0395304116682119,
KHM,Habitat,arima,0.007083338461575006,
KHM,Health,ets,0.04909572532043436,
KHM,Infrastructure,ets,0.015091826018834664,
KHM,Sensitivity,ets,0.018845442829601433,
KHM,Social,ets,0.01226238909869799,
KHM,Water,ets,4.7951221501252306e-05,
KIR,Capacity,ets,0.010833660808827195,
KIR,Economic,ets,0.022376257220414274,
KIR,Ecosystems,ets,0.0010856723252712474,
KIR,Exposure,arima,0.0,
KIR,Food,ets,0.004834538513892572,
KIR,Governance,arima_shared_order,0.06077898875396613,"(2, 0, 0)"
KIR,Habitat,ets,0.0030596459335974656,
KIR,Health,arima,0.01150501723749393,
KIR,Infrastructure,ets,0.04348186044019673,
KIR,Sensitivity,arima_shared_order,0.0007389531856580867,"(2, 0, 0)"
KIR,Social,ets,0.002884900656583267,
KIR,Water,ets,0.0005226679873012397,
KNA,Capacity,ets,0.0018646597156743994,
KNA,Economic,ets,0.011950130055041997,
KNA,Ecosystems,ets,0.0010856723252712474,
KNA,Exposure,arima,0.0,
KNA,Food,ets,0.004739318377432111,
KNA,Governance,arima,0.1644479189354957,
KNA,Habitat,arima_shared_order,0.002317640424112499,"(2, 0, 0)"
KNA,Health,ets,0.002773995152608344,
KNA,Infrastructure,ets,0.003938432443482587,
KNA,Sensitivity,arima_shared_order,0.002383900922382076,"(2, 0, 0)"
KNA,Social,arima_shared_order,0.02048599368819698,"(2, 0, 0)"
KNA,Water,ets,0.0005226679873012397,
KOR,Capacity,arima_shared_order,0.002802902724452927,"(2, 0, 0)"
KOR,Economic,arima_shared_order,0.022264993872769208,"(2, 0, 0)"
KOR,Ecosystems,ets,0.0011896030453127926,
KOR,Exposure,arima,0.0,
KOR,Food,ets,0.002402514766350805,
KOR,Governance,arima,0.015768375350323317,
KOR,Habitat,arima_shared_order,0.00416226997609227,"(2, 0, 0)"
KOR,Health,ets,0.005125965529119131,
KOR,Infrastructure,arima,0.0016226585997099253,
KOR,Sensitivity,arima_shared_order,0.0012496576592055165,"(2, 0, 0)"
KOR,Social,arima,0.006387779715579539,
KOR,Water,arima,7.869470916452848e-05,
KWT,Capacity,ets,0.007604089392116775,
KWT,Economic,ets,0.0213842468798342,
KWT,Ecosystems,arima_shared_order,0.013002937473226705,"(2, 0, 0)"
KWT,Exposure,ets,5.551115123125783e-17,
KWT,Food,arima_shared_order,0.002360579025436527,"(2, 0, 0)"
KWT,Governance,ets,0.030888489055082256,
KWT,Habitat,arima_shared_order,0.0027884477713554954,"(2, 0, 0)"
KWT,Health,ets,0.0047301362615522645,
KWT,Infrastructure,ets,4.369773513229758e-05,
KWT,Sensitivity,arima,0.0014527517331182072,
KWT,Social,arima_shared_order,0.004053336019801868,"(2, 0, 0)"
KWT,Water,ets,5.551115123125783e-17,
LAO,Capacity,ets,0.012951980730401557,
LAO,Economic,arima_shared_order,0.028049955134201564,"(2, 0, 0)"
LAO,Ecosystems,ets,0.0013391470446995958,
LAO,Exposure,ets,6.661338147750939e-17,
LAO,Food,arima,0.003974370905552282,
LAO,Governance,arima,0.006995899929802807,
LAO,Habitat,arima_shared_order,0.011052555630824745,"(2, 0, 0)"
LAO,Health,arima_shared_order,0.07805609402110071,"(2, 0, 0)"
LAO,Infrastructure,ets,0.0025788034690647833,
LAO,Sensitivity,ets,0.013017060887481714,
LAO,Social,arima_shared_order,0.0023001789458408695,"(2, 0, 0)"
LAO,Water,arima_shared_order,0.0034485546339245387,"(2, 0, 0)"
LBN,Capacity,arima_shared_order,0.005634699434419988,"(2, 0, 0)"
LBN,Economic,arima,0.019173139745230938,
LBN,Ecosystems,ets,0.0018405195423749298,
LBN,Exposure,ets,5.551115123125783e-17,
LBN,Food,arima_shared_order,0.007919189193781595,"(2, 0, 0)"
LBN,Governance,ets,0.01728508737949288,
LBN,Habitat,arima,0.004076382309952553,
LBN,Health,arima_shared_order,0.005736534788653202,"(2, 0, 0)"
LBN,Infrastructure,ets,0.027883640937550323,
LBN,Sensitivity,arima_shared_order,0.0038555011327051523,"(2, 0, 0)"
LBN,Social,arima,0.005861258515552548,
LBN,Water,ets,0.002719401326746196,
LBR,Capacity,ets,0.006672478025253814,
LBR,Economic,arima,0.06963671926137349,
LBR,Ecosystems,ets,0.0007872899616574447,
LBR,Exposure,arima,0.0,
LBR,Food,ets,0.010831312996080778,
LBR,Governance,arima,0.02122757233486856,
LBR,Habitat,arima_shared_order,0.006099432473946065,"(2, 0, 0)"
LBR,Health,arima,0.006039985623444544,
LBR,Infrastructure,ets,0.006722813066184596,
LBR,Sensitivity,arima,0.0026952380732280677,
LBR,Social,ets,0.00280884847564824,
LBR,Water,ets,2.1556266751032726e-05,
LBY,Capacity,arima,0.0024082668793404373,
LBY,Economic,ets,0.018986968495789958,
LBY,Ecosystems,arima_shared_order,0.0020648134548284735,"(2, 0, 0)"
LBY,Exposure,arima,0.0,
LBY,Food,arima_shared_order,0.009209912769681805,"(2, 0, 0)"
LBY,Governance,ets,0.02075035689141864,
LBY,Habitat,ets,0.0062783608956652245,
LBY,Health,arima,0.0007985332839943072,
LBY,Infrastructure,ets,0.0015010025947675587,
LBY,Sensitivity,ets,0.004856368171826009,
LBY,Social,ets,0.01791630566969522,
LBY,Water,arima_shared_order,0.00011898826669098916,"(2, 0, 0)"
LCA,Capacity,ets,0.0018646597156743994,
LCA,Economic,arima,0.008318455641747912,
LCA,Ecosystems,arima_shared_order,0.0013171797758011583,"(2, 0, 0)"
LCA,Exposure,ets,0.0,
LCA,Food,ets,0.0060897182420729615,
LCA,Governance,arima,0.07655187233368096,
LCA,Habitat,ets,0.0018940000471025786,
LCA,Health,arima_shared_order,0.007142099254596523,"(2, 0, 0)"
LCA,Infrastructure,ets,0.0013879603790905803,
LCA,Sensitivity,arima,0.007421978857956391,
LCA,Social,ets,0.010162452631480768,
LCA,Water,ets,0.0005226679873012397,
LKA,Capacity,arima,0.02996620007739368,
LKA,Economic,arima_shared_order,0.0035152944894988546,"(2, 0, 0)"
LKA,Ecosystems,ets,0.001990416273015627,
LKA,Exposure,arima,0.0,
LKA,Food,arima_shared_order,0.01592686171234061,"(2, 0, 0)"
LKA,Governance,ets,0.012866294439682813,
LKA,Habitat,arima_shared_order,0.006173291413344129,"(2, 0, 0)"
LKA,Health,arima_shared_order,0.0041958516649319155,"(2, 0, 0)"
LKA,Infrastructure,ets,0.01596552930436911,
LKA,Sensitivity,ets,0.007800173912146102,
LKA,Social,arima_shared_order,0.008845360356331211,"(2, 0, 0)"
LKA,Water,ets,0.0008301706748556458,
LSO,Capacity,ets,0.005723616741960558,
LSO,Economic,arima_shared_order,0.030699903044920963,"(2, 0, 0)"
LSO,Ecosystems,ets,0.005742330167240106,
LSO,Exposure,arima,0.0,
LSO,Food,ets,0.0022102018187673987,
LSO,Governance,arima_shared_order,0.051837845200864166,"(2, 0, 0)"
LSO,Habitat,arima,0.009629253985871333,
LSO,Health,arima_shared_order,0.0235407047077165,"(2, 0, 0)"
LSO,Infrastructure,ets,0.003938432443482587,
LSO,Sensitivity,arima_shared_order,0.00661583280677297,"(2, 0, 0)"
LSO,Social,ets,0.002110199991354089,
LSO,Water,ets,0.005125899868684347,
LTU,Capacity,ets,0.0098707918857177,
LTU,Economic,ets,0.03148446394327117,
LTU,Ecosystems,ets,0.0033502940469798737,
LTU,Exposure,arima,0.0,
LTU,Food,arima_shared_order,0.002305615179958076,"(2, 0, 0)"
LTU,Governance,ets,0.03254039362959497,
LTU,Habitat,ets,0.014967581514925032,
LTU,Health,ets,0.0006743772388016934,
LTU,Infrastructure,arima,0.014875418150639575,
LTU,Sensitivity,ets,0.001209900914561346,
LTU,Social,arima_shared_order,0.0033945280538530075,"(2, 0, 0)"
LTU,Water,arima_shared_order,0.0014717392910000404,"(2, 0, 0)"
LUX,Capacity,ets,0.005456083011474577,
LUX,Economic,ets,0.027873868660987077,
LUX,Ecosystems,arima_shared_order,0.007190703473230209,"(2, 0, 0)"
LUX,Exposure,arima,0.0,
LUX,Food,arima_shared_order,0.0059981120565384015,"(2, 0, 0)"
LUX,Governance,arima_shared_order,0.008158712424571377,"(2, 0, 0)"
LUX,Habitat,arima_shared_order,0.0065749905350384165,"(2, 0, 0)"
LUX,Health,ets,0.0021196283035882723,
LUX,Infrastructure,arima,0.0,
LUX,Sensitivity,ets,0.0070461834515563315,
LUX,Social,ets,0.04732860285156287,
LUX,Water,arima_shared_order,0.0009231995374442414,"(2, 0, 0)"
LVA,Capacity,ets,0.010621516178128,
LVA,Economic,ets,0.028574583229362904,
LVA,Ecosystems,ets,0.0018070580153298876,
LVA,Exposure,ets,6.661338147750939e-17,
LVA,Food,ets,0.002325732605219588,
LVA,Governance,ets,0.016880929278689394,
LVA,Habitat,ets,0.008266237520714004,
LVA,Health,ets,0.001588394055722242,
LVA,Infrastructure,ets,0.02143723954003455,
LVA,Sensitivity,arima_shared_order,0.0028135445954082126,"(2, 0, 0)"
LVA,Social,arima_shared_order,0.03331170987054024,"(2, 0, 0)"
LVA,Water,ets,0.0006544327475050072,
MAR,Capacity,ets,0.015507486103661016,
MAR,Economic,ets,0.06123612377108625,
MAR,Ecosystems,ets,0.006917752674983069,
MAR,Exposure,arima,0.0,
MAR,Food,arima,0.004130847431843454,
MAR,Governance,arima_shared_order,0.019559120671003384,"(2, 0, 0)"
MAR,Habitat,arima_shared_order,0.004422161003207947,"(2, 0, 0)"
MAR,Health,ets,0.0026105629616193448,
MAR,Infrastructure,ets,0.02033484829388128,
MAR,Sensitivity,ets,0.0016467832003666972,
MAR,Social,arima_shared_order,0.005408032258155182,"(2, 0, 0)"
MAR,Water,ets,0.0021308687813170247,
MDA,Capacity,arima,0.007615306846122827,
MDA,Economic,arima,0.028103829962286175,
MDA,Ecosystems,ets,0.010445399972954572,
MDA,Exposure,arima,0.0,
MDA,Food,ets,0.0023130095169372365,
MDA,Governance,ets,0.025008094252475566,
MDA,Habitat,arima_shared_order,0.014532930466695227,"(2, 0, 0)"
MDA,Health,arima_shared_order,0.0261808071661355,"(2, 0, 0)"
MDA,Infrastructure,ets,0.003602572436798879,
MDA,Sensitivity,ets,0.01169676585616839,
MDA,Social,ets,0.005938190999586835,
MDA,Water,ets,0.0020599582849794573,
MDG,Capacity,arima,0.018886492618349383,
MDG,Economic,arima,0.007026513236604503,
MDG,Ecosystems,ets,0.001457442963422717,
MDG,Exposure,arima,0.0,
MDG,Food,ets,0.01180694798231996,
MDG,Governance,ets,0.027844281926996818,
MDG,Habitat,arima,0.0016054918921600825,
MDG,Health,ets,0.010154303331446735,
MDG,Infrastructure,arima_shared_order,0.030151327542881266,"(2, 0, 0)"
MDG,Sensitivity,ets,0.004249222356865467,
MDG,Social,ets,0.003009211395016642,
MDG,Water,arima_shared_order,0.00031881864381478887,"(2, 0, 0)"
MDV,Capacity,arima,0.011051555795489021,
MDV,Economic,ets,0.0072819316099071996,
MDV,Ecosystems,arima,0.0006386286221164328,
MDV,Exposure,ets,8.881784197001253e-17,
MDV,Food,ets,0.010332090585488984,
MDV,Governance,ets,0.043829644309434077,
MDV,Habitat,arima_shared_order,0.00464953138650438,"(2, 0, 0)"
MDV,Health,ets,0.009929601145332945,
MDV,Infrastructure,arima_shared_order,0.003801747960733981,"(2, 0, 0)"
MDV,Sensitivity,ets,0.001097564280090646,
MDV,Social,ets,0.0286977183653901,
MDV,Water,ets,0.0005226679873012397,
MEX,Capacity,ets,0.004692610234201822,
MEX,Economic,arima_shared_order,0.38157620195967334,"(2, 0, 0)"
MEX,Ecosystems,arima,0.0005238330844285378,
MEX,Exposure,ets,6.661338147750939e-17,
MEX,Food,ets,0.0026993162903160783,
MEX,Governance,ets,0.045147444855040006,
MEX,Habitat,arima,0.0025763075277533964,
MEX,Health,ets,0.000992523821277891,
MEX,Infrastructure,ets,0.010308730373623476,
MEX,Sensitivity,arima_shared_order,0.0029963564596230453,"(2, 0, 0)"
MEX,Social,ets,0.003998828191166992,
MEX,Water,ets,0.0028627984397215146,
MHL,Capacity,ets,0.0018646597156743994,
MHL,Economic,arima_shared_order,0.012212212981036651,"(2, 0, 0)"
MHL,Ecosystems,ets,0.0010856723252712474,
MHL,Exposure,arima,0.0,
MHL,Food,arima_shared_order,0.00010354979051668822,"(2, 0, 0)"
MHL,Governance,ets,0.05654985379127544,
MHL,Habitat,ets,0.002140958406231275,
MHL,Health,ets,0.0011244889984964646,
MHL,Infrastructure,ets,0.0046524396276672155,
MHL,Sensitivity,arima_shared_order,0.0007389531856580867,"(2, 0, 0)"
MHL,Social,ets,0.007749400030070186,
MHL,Water,ets,0.0005226679873012397,
MKD,Capacity,ets,0.002955306102608568,
MKD,Economic,ets,0.041865584860458604,
MKD,Ecosystems,ets,0.007133952503872698,
MKD,Exposure,ets,6.661338147750939e-17,
MKD,Food,ets,0.0025592686070151083,
MKD,Governance,arima_shared_order,0.03434287627978076,"(2, 0, 0)"
MKD,Habitat,arima_shared_order,0.0026276064949868005,"(2, 0, 0)"
MKD,Health,ets,0.0010208805360522933,
MKD,Infrastructure,ets,0.01809140052236773,
MKD,Sensitivity,arima,0.013287003034454015,
MKD,Social,ets,0.010612368685753238,
MKD,Water,arima_shared_order,0.015202633153334422,"(2, 0, 0)"
MLI,Capacity,ets,0.0059880763364809075,
MLI,Economic,arima,0.022527407117343558,
MLI,Ecosystems,ets,0.0062063997258038125,
MLI,Exposure,arima,0.0,
MLI,Food,ets,0.009761002527646423,
MLI,Governance,arima,0.008660558924162842,
MLI,Habitat,ets,0.0007728151461796395,
MLI,Health,arima,0.004832061243255148,
MLI,Infrastructure,ets,0.003938432443482587,
MLI,Sensitivity,ets,0.00313468663162112,
MLI,Social,ets,0.006817073632816495,
MLI,Water,ets,5.869777523576092e-05,
MLT,Capacity,ets,0.005104054130207969,
MLT,Economic,ets,0.027589254933974294,
MLT,Ecosystems,arima,0.004597998787827929,
MLT,Exposure,ets,6.661338147750939e-17,
MLT,Food,arima_shared_order,0.00812874806895269,"(2, 0, 0)"
MLT,Governance,arima,0.030496588756416376,
MLT,Habitat,ets,0.007987745399349632,
MLT,Health,ets,0.0025424832176113243,
MLT,Infrastructure,ets,0.000216744094027177,
MLT,Sensitivity,ets,0.005173542793068575,
MLT,Social,ets,0.00818772067542084,
MLT,Water,arima_shared_order,0.004455036222139397,"(2, 0, 0)"
MMR,Capacity,ets,0.031316069296909374,
MMR,Economic,ets,0.10524411895838941,
MMR,Ecosystems,arima_shared_order,0.0003501245854186319,"(2, 0, 0)"
MMR,Exposure,ets,1.1102230246251565e-16,
MMR,Food,arima,0.0039106363343398565,
MMR,Governance,ets,0.047625903712983496,
MMR,Habitat,ets,0.00527257433418934,
MMR,Health,ets,0.004038843219035648,
MMR,Infrastructure,ets,0.06340496361157595,
MMR,Sensitivity,ets,0.007082041713882203,
MMR,Social,ets,0.03829780150991526,
MMR,Water,ets,0.0009666715853855923,
MNE,Capacity,arima_shared_order,0.008686756368668802,"(2, 0, 0)"
MNE,Economic,arima,0.007314535698647884,
MNE,Ecosystems,ets,0.005910536004906275,
MNE,Exposure,ets,0.0,
MNE,Food,ets,0.034735231060409676,
MNE,Governance,arima_shared_order,0.04128190746028473,"(2, 0, 0)"
MNE,Habitat,arima_shared_order,0.012874890710464493,"(2, 0, 0)"
MNE,Health,arima_shared_order,0.003698968309283812,"(2, 0, 0)"
MNE,Infrastructure,arima_shared_order,0.006330915264401144,"(2, 0, 0)"
MNE,Sensitivity,ets,0.003873878711199585,
MNE,Social,arima_shared_order,0.007351074485550213,"(2, 0, 0)"
MNE,Water,ets,0.0014542563017012622,
MNG,Capacity,ets,0.025861658885829874,
MNG,Economic,arima,0.08480090019967572,
MNG,Ecosystems,arima,0.0026140224909699363,
MNG,Exposure,arima,0.0,
MNG,Food,arima_shared_order,0.004997674502654337,"(2, 0, 0)"
MNG,Governance,arima_shared_order,0.018684381197603895,"(2, 0, 0)"
MNG,Habitat,arima_shared_order,0.008269562613016656,"(2, 0, 0)"
MNG,Health,ets,0.010350331311716653,
MNG,Infrastructure,ets,0.06173070910821843,
MNG,Sensitivity,arima_shared_order,0.0036240392638818343,"(2, 0, 0)"
MNG,Social,ets,0.007838332868668575,
MNG,Water,ets,0.00019778357416809776,
MOZ,Capacity,ets,0.0042567709406269305,
MOZ,Economic,arima_shared_order,0.06183077708731792,"(2, 0, 0)"
MOZ,Ecosystems,arima,0.007477717781171589,
MOZ,Exposure,ets,4.4408920985006264e-17,
MOZ,Food,arima_shared_order,0.003628108690080523,"(2, 0, 0)"
MOZ,Governance,ets,0.04050561805692805,
MOZ,Habitat,arima,0.000777856124626819,
MOZ,Health,arima,0.0009952201129730166,
MOZ,Infrastructure,ets,0.002839008570326029,
MOZ,Sensitivity,ets,0.004481530079009377,
MOZ,Social,arima_shared_order,0.0025940355368917036,"(2, 0, 0)"
MOZ,Water,ets,0.0006446612521471939,
MRT,Capacity,ets,0.011098539193503832,
MRT,Economic,arima_shared_order,0.07004783976345927,"(2, 0, 0)"
MRT,Ecosystems,arima_shared_order,0.0038182358337209067,"(2, 0, 0)"
MRT,Exposure,arima,0.0,
MRT,Food,ets,0.011185366600518965,
MRT,Governance,ets,0.02374039085754538,
MRT,Habitat,ets,0.01818060570621318,
MRT,Health,ets,0.029774792725052325,
MRT,Infrastructure,arima,0.009216544889648359,
MRT,Sensitivity,arima,0.0038821652982782727,
MRT,Social,ets,0.004998004478072948,
MRT,Water,arima_shared_order,7.212029212833038e-06,"(2, 0, 0)"
MUS,Capacity,ets,0.004198229603919757,
MUS,Economic,ets,0.024515116438870877,
MUS,Ecosystems,ets,0.002481392267977456,
MUS,Exposure,arima,0.0,
MUS,Food,ets,0.006685477094593784,
MUS,Governance,arima_shared_order,0.017479524090137488,"(2, 0, 0)"
MUS,Habitat,ets,0.009549442389692697,
MUS,Health,arima,0.010006732419142628,
MUS,Infrastructure,ets,0.0009465754488044098,
MUS,Sensitivity,ets,0.002770560742114625,
MUS,Social,arima_shared_order,0.010248078060135234,"(2, 0, 0)"
MUS,Water,arima_shared_order,0.0013793661153861936,"(2, 0, 0)"
MWI,Capacity,arima_shared_order,0.005348508600689405,"(2, 0, 0)"
MWI,Economic,arima_shared_order,0.027769423248912694,"(2, 0, 0)"
MWI,Ecosystems,ets,0.006999102972810922,
MWI,Exposure,arima,0.0,
MWI,Food,ets,0.01125844508220597,
MWI,Governance,ets,0.020284962393368723,
MWI,Habitat,arima,0.012683771920559962,
MWI,Health,ets,0.0018193888747854992,
MWI,Infrastructure,ets,0.003938432443482587,
MWI,Sensitivity,ets,0.004129684868034678,
MWI,Social,ets,0.0008662497608149966,
MWI,Water,ets,0.0001906522351731499,
MYS,Capacity,arima,0.002668268302478449,
MYS,Economic,arima_shared_order,0.029490088995950438,"(2, 0, 0)"
MYS,Ecosystems,arima_shared_order,0.0010342525621856336,"(2, 0, 0)"
MYS,Exposure,ets,0.0,
MYS,Food,arima,0.0071215358206164646,
MYS,Governance,arima,0.03410217555215274,
MYS,Habitat,arima_shared_order,0.004980199573983124,"(2, 0, 0)"
MYS,Health,arima_shared_order,0.003927684463935444,"(2, 0, 0)"
MYS,Infrastructure,ets,0.008340649168128378,
MYS,Sensitivity,arima,0.0014955744811216976,
MYS,Social,ets,0.008011796586530107,
MYS,Water,ets,2.6428194922556437e-05,
NAM,Capacity,ets,0.024914698346278418,
NAM,Economic,arima,0.022969489516571406,
NAM,Ecosystems,ets,0.004420785464497368,
NAM,Exposure,ets,4.4408920985006264e-17,
NAM,Food,ets,0.0028221541788816086,
NAM,Governance,ets,0.014690790022323564,
NAM,Habitat,ets,0.008876967643480027,
NAM,Health,arima,0.008390598146302141,
NAM,Infrastructure,ets,0.04507631913615314,
NAM,Sensitivity,ets,0.0053790859845787905,
NAM,Social,ets,0.007874268892401549,
NAM,Water,ets,4.552233229979663e-05,
NER,Capacity,arima_shared_order,0.0072862444497969305,"(2, 0, 0)"
NER,Economic,arima,0.05077193392064159,
NER,Ecosystems,ets,0.003509607553107663,
NER,Exposure,ets,1.1102230246251565e-16,
NER,Food,arima_shared_order,0.015367085268118563,"(2, 0, 0)"
NER,Governance,arima_shared_order,0.00840599678595635,"(2, 0, 0)"
NER,Habitat,ets,0.015046372520393758,
NER,Health,ets,0.017766986424789244,
NER,Infrastructure,ets,0.003636663174955157,
NER,Sensitivity,arima,0.011527952476833081,
NER,Social,ets,0.0024440522909329188,
NER,Water,ets,0.01039280675405312,
NGA,Capacity,ets,0.005404190941313436,
NGA,Economic,arima_shared_order,0.5741302750485461,"(2, 0, 0)"
NGA,Ecosystems,ets,0.00754234401504682,
NGA,Exposure,ets,0.0,
NGA,Food,ets,0.01626587535492201,
NGA,Governance,arima_shared_order,0.02818318973949623,"(2, 0, 0)"
NGA,Habitat,ets,0.005509774074559171,
NGA,Health,ets,0.015861276742071828,
NGA,Infrastructure,arima,0.004414133466877102,
NGA,Sensitivity,ets,0.005195704091300801,
NGA,Social,arima_shared_order,0.0021998427329310345,"(2, 0, 0)"
NGA,Water,ets,0.0004311939208051285,
NIC,Capacity,ets,0.0024498942044569373,
NIC,Economic,arima_shared_order,0.0080741384081354,"(2, 0, 0)"
NIC,Ecosystems,ets,0.0019248897640252727,
NIC,Exposure,arima,0.0,
NIC,Food,ets,0.002441776515260008,
NIC,Governance,ets,0.035599546689502784,
NIC,Habitat,ets,0.0036467195337107406,
NIC,Health,arima_shared_order,0.02524415444168151,"(2, 0, 0)"
NIC,Infrastructure,ets,0.007148301721994266,
NIC,Sensitivity,ets,0.011287754856278753,
NIC,Social,ets,0.005409599663445919,
NIC,Water,arima,0.00040493931940337456,
NLD,Capacity,arima_shared_order,0.0016794513651758546,"(2, 0, 0)"
NLD,Economic,arima,0.02265008622681346,
NLD,Ecosystems,arima_shared_order,0.0021949242236300017,"(2, 0, 0)"
NLD,Exposure,ets,0.0,
NLD,Food,ets,0.004880961196656061,
NLD,Governance,ets,0.03417934909612901,
NLD,Habitat,arima,0.0028747966625485176,
NLD,Health,arima,0.0064672768647331845,
NLD,Infrastructure,arima,0.03969842198735925,
NLD,Sensitivity,arima_shared_order,0.011491010549812618,"(2, 0, 0)"
NLD,Social,arima,0.0035222102200639814,
NLD,Water,arima,0.02373935757690827,
NOR,Capacity,arima_shared_order,0.0029163043958848724,"(2, 0, 0)"
NOR,Economic,arima,0.0359023145420746,
NOR,Ecosystems,ets,0.006163250411529641,
NOR,Exposure,ets,0.0,
NOR,Food,ets,0.0011400202699585638,
NOR,Governance,arima_shared_order,0.012558531455146973,"(2, 0, 0)"
NOR,Habitat,arima_shared_order,0.007196092252149522,"(2, 0, 0)"
NOR,Health,ets,0.0013936615591768787,
NOR,Infrastructure,arima_shared_order,0.00305253697648101,"(2, 0, 0)"
NOR,Sensitivity,arima_shared_order,0.0006710186953378716,"(2, 0, 0)"
NOR,Social,arima_shared_order,0.004878685604039978,"(2, 0, 0)"
NOR,Water,ets,1.1625572568779718e-05,
NPL,Capacity,ets,0.00594591784270988,
NPL,Economic,arima,0.04051422105481561,
NPL,Ecosystems,ets,0.0025333874443832062,
NPL,Exposure,arima,0.0,
NPL,Food,arima,0.0067899948391095585,
NPL,Governance,arima,0.01831232139988932,
NPL,Habitat,ets,0.0040450972535732935,
NPL,Health,arima,0.021493477015760563,
NPL,Infrastructure,ets,0.01672318584548128,
NPL,Sensitivity,arima_shared_order,0.004308413459143001,"(2, 0, 0)"
NPL,Social,arima,0.003352602846205266,
NPL,Water,arima_shared_order,0.004416484269947718,"(2, 0, 0)"
NZL,Capacity,ets,0.002384863254731695,
NZL,Economic,ets,0.039139257044117644,
NZL,Ecosystems,arima_shared_order,0.0012140675255157495,"(2, 0, 0)"
NZL,Exposure,arima,0.0,
NZL,Food,ets,0.0033788410633034506,
NZL,Governance,arima,0.018627356580782232,
NZL,Habitat,ets,0.006689696624023855,
NZL,Health,ets,0.0022996985831336804,
NZL,Infrastructure,ets,0.006122484798555261,
NZL,Sensitivity,ets,0.0045737435904790345,
NZL,Social,arima_shared_order,0.00673639686932469,"(2, 0, 0)"
NZL,Water,arima,0.00225071540934621,
OMN,Capacity,ets,0.003961938626071549,
OMN,Economic,ets,0.028638782484953895,
OMN,Ecosystems,arima_shared_order,0.004074738872421069,"(2, 0, 0)"
OMN,Exposure,arima,0.0,
OMN,Food,arima_shared_order,0.003579357135156358,"(2, 0, 0)"
OMN,Governance,arima_shared_order,0.014215061120945328,"(2, 0, 0)"
OMN,Habitat,arima,0.0072323943359517305,
OMN,Health,arima,0.0021649359953913815,
OMN,Infrastructure,arima_shared_order,0.00011645407124356023,"(2, 0, 0)"
OMN,Sensitivity,arima,0.0012817789254928047,
OMN,Social,ets,0.008784332494319137,
OMN,Water,arima,0.001667939597029011,
PAK,Capacity,arima_shared_order,0.0009508087642996932,"(2, 0, 0)"
PAK,Economic,arima_shared_order,0.49355172306843775,"(2, 0, 0)"
PAK,Ecosystems,ets,0.0028577981470983447,
PAK,Exposure,arima,0.0,
PAK,Food,ets,0.003409796990047975,
PAK,Governance,ets,0.02747085252206185,
PAK,Habitat,arima_shared_order,0.004864882479226817,"(2, 0, 0)"
PAK,Health,arima,0.009099467643048387,
PAK,Infrastructure,arima_shared_order,0.005942360483475207,"(2, 0, 0)"
PAK,Sensitivity,arima,0.0027402768398506194,
PAK,Social,ets,0.001365523117654055,
PAK,Water,ets,7.150992921078902e-05,
PAN,Capacity,ets,0.003267815865704027,
PAN,Economic,arima,0.024354526997455904,
PAN,Ecosystems,arima_shared_order,0.0016900052580768542,"(2, 0, 0)"
PAN,Exposure,arima,0.0,
PAN,Food,arima_shared_order,0.0016249833932029279,"(2, 0, 0)"
PAN,Governance,ets,0.027115977070145146,
PAN,Habitat,ets,0.008711072313341917,
PAN,Health,arima,0.0029655718460033452,
PAN,Infrastructure,ets,0.004459638026430679,
PAN,Sensitivity,arima,0.002088133041221274,
PAN,Social,ets,0.00957240260633634,
PAN,Water,ets,0.002319534407118523,
PER,Capacity,ets,0.004156436532091301,
PER,Economic,ets,0.01133613890510723,
PER,Ecosystems,arima_shared_order,0.0009702322215386361,"(2, 0, 0)"
PER,Exposure,arima,0.0,
PER,Food,arima_shared_order,0.0040994134193291345,"(2, 0, 0)"
PER,Governance,arima_shared_order,0.04676149271870307,"(2, 0, 0)"
PER,Habitat,arima,0.005088386924005439,
PER,Health,ets,0.0037533662237799635,
PER,Infrastructure,arima,0.007961637187738851,
PER,Sensitivity,arima_shared_order,0.0005902894834057592,"(2, 0, 0)"
PER,Social,ets,0.009548335146923903,
PER,Water,ets,0.0004841977123851038,
PHL,Capacity,ets,0.0030781870833981985,
PHL,Economic,arima_shared_order,0.008854894763162036,"(2, 0, 0)"
PHL,Ecosystems,ets,0.0024460275043663216,
PHL,Exposure,arima,0.0,
PHL,Food,arima_shared_order,0.0035831965717303183,"(2, 0, 0)"
PHL,Governance,arima_shared_order,0.02195625967863426,"(2, 0, 0)"
PHL,Habitat,ets,0.008424986033575731,
PHL,Health,ets,0.005654496038407786,
PHL,Infrastructure,arima_shared_order,0.0035519451098838693,"(2, 0, 0)"
PHL,Sensitivity,arima_shared_order,0.001197951202111025,"(2, 0, 0)"
PHL,Social,ets,0.006299337736050825,
PHL,Water,arima,0.0002541276345170873,
PLW,Capacity,ets,0.0018646597156743994,
PLW,Economic,arima_shared_order,0.00852280775861094,"(2, 0, 0)"
PLW,Ecosystems,ets,0.0010856723252712474,
PLW,Exposure,arima,0.0,
PLW,Food,ets,0.04638159677906746,
PLW,Governance,arima,0.19647747466343352,
PLW,Habitat,ets,0.001011800130832441,
PLW,Health,ets,0.03033153640956019,
PLW,Infrastructure,arima,0.0009681912915322499,
PLW,Sensitivity,arima_shared_order,0.0007389531856580867,"(2, 0, 0)"
PLW,Social,arima,0.03799691291624294,
PLW,Water,ets,0.0005226679873012397,
PNG,Capacity,arima_shared_order,0.028834529555260224,"(2, 0, 0)"
PNG,Economic,arima,0.017069196953705124,
PNG,Ecosystems,ets,0.0018337544262287731,
PNG,Exposure,arima,0.0,
PNG,Food,ets,0.005222836388091423,
PNG,Governance,arima,0.005094634466668535,
PNG,Habitat,arima_shared_order,0.004369858469653787,"(2, 0, 0)"
PNG,Health,arima,0.05442105813504936,
PNG,Infrastructure,ets,0.07847291289211089,
PNG,Sensitivity,arima,0.02425385112992955,
PNG,Social,ets,0.0005478919209624733,
PNG,Water,ets,0.0008609285749858198,
POL,Capacity,ets,0.005425951411116825,
POL,Economic,ets,0.06977654780775375,
POL,Ecosystems,ets,0.004750159723804615,
POL,Exposure,arima,0.0,
POL,Food,ets,0.006095949037800086,
POL,Governance,ets,0.009773621703331903,
POL,Habitat,arima,0.0018429682644858115,
POL,Health,ets,0.0017084062776595078,
POL,Infrastructure,arima,0.013711121135756704,
POL,Sensitivity,ets,0.011914000684161801,
POL,Social,arima,0.008132719290630164,
POL,Water,ets,0.00033463961621191805,
PRK,Capacity,ets,0.006997288330085704,
PRK,Economic,arima,0.00678190276258257,
PRK,Ecosystems,ets,0.010181597502439077,
PRK,Exposure,ets,1.1102230246251565e-16,
PRK,Food,arima_shared_order,0.01947019012250396,"(2, 0, 0)"
PRK,Governance,ets,0.025523831294893218,
PRK,Habitat,arima,0.00025886626462710003,
PRK,Health,ets,0.0014807121194654548,
PRK,Infrastructure,ets,0.004759260591508973,
PRK,Sensitivity,arima_shared_order,0.004298215309981368,"(2, 0, 0)"
PRK,Social,arima,0.0004014199853770606,
PRK,Water,ets,0.0012294807943984075,
PRT,Capacity,ets,0.017499026406721862,
PRT,Economic,arima_shared_order,0.016164287231519657,"(2, 0, 0)"
PRT,Ecosystems,arima_shared_order,0.0010854146600197344,"(2, 0, 0)"
PRT,Exposure,ets,4.4408920985006264e-17,
PRT,Food,ets,0.005342402380828804,
PRT,Governance,ets,0.00489213972139636,
PRT,Habitat,ets,0.010782252949703818,
PRT,Health,ets,0.002102388095978519,
PRT,Infrastructure,ets,0.0390054407840814,
PRT,Sensitivity,arima,0.001726024674768345,
PRT,Social,ets,0.017159694111161895,
PRT,Water,ets,0.0026222385508496314,
PRY,Capacity,ets,0.008368129173158434,
PRY,Economic,arima_shared_order,0.06105929131168834,"(2, 0, 0)"
PRY,Ecosystems,ets,0.0022515713810126294,
PRY,Exposure,ets,0.0,
PRY,Food,ets,0.0039004441346561004,
PRY,Governance,arima,0.06785070952483749,
PRY,Habitat,arima_shared_order,0.0009862058651315842,"(2, 0, 0)"
PRY,Health,ets,0.004370050761366928,
PRY,Infrastructure,ets,0.0007593123228258724,
PRY,Sensitivity,ets,0.004524133666246216,
PRY,Social,ets,0.007260748386879001,
PRY,Water,ets,0.00014223832007975723,
QAT,Capacity,arima_shared_order,0.002663108266134917,"(2, 0, 0)"
QAT,Economic,ets,0.021454895906491866,
QAT,Ecosystems,ets,0.016793197952242322,
QAT,Exposure,arima,0.0,
QAT,Food,arima,0.0010748307483613884,
QAT,Governance,arima_shared_order,0.019556347684593266,"(2, 0, 0)"
QAT,Habitat,ets,0.004178612042837981,
QAT,Health,arima_shared_order,0.007408556911339714,"(2, 0, 0)"
QAT,Infrastructure,arima,0.00017540513514462396,
QAT,Sensitivity,arima_shared_order,0.0022586650528857886,"(2, 0, 0)"
QAT,Social,arima,0.009980650664678658,
QAT,Water,ets,0.00011762944417092469,
ROU,Capacity,ets,0.00425254308397367,
ROU,Economic,arima_shared_order,0.008440087036052391,"(2, 0, 0)"
ROU,Ecosystems,ets,0.005285872722030216,
ROU,Exposure,ets,0.0,
ROU,Food,ets,0.0007644808870291509,
ROU,Governance,ets,0.003612537220489509,
ROU,Habitat,arima,0.0026310350784267576,
ROU,Health,ets,0.006828407126174341,
ROU,Infrastructure,ets,0.006527025410284215,
ROU,Sensitivity,arima,0.005321246979102345,
ROU,Social,ets,0.00470327555220833,
ROU,Water,ets,0.0008320249550405667,
RUS,Capacity,ets,0.004943469989070015,
RUS,Economic,arima_shared_order,0.21375539565900037,"(2, 0, 0)"
RUS,Ecosystems,ets,0.003295474917395702,
RUS,Exposure,ets,0.0,
RUS,Food,ets,0.0020458142611651355,
RUS,Governance,arima,0.020546599162687463,
RUS,Habitat,arima_shared_order,0.004815257046670252,"(2, 0, 0)"
RUS,Health,arima_shared_order,0.002342896064608857,"(2, 0, 0)"
RUS,Infrastructure,ets,0.007188314677791121,
RUS,Sensitivity,arima,0.0011314902561012862,
RUS,Social,arima,0.01566022992479462,
RUS,Water,ets,7.491278640345823e-05,
RWA,Capacity,ets,0.019958461890845425,
RWA,Economic,ets,0.11428070311343044,
RWA,Ecosystems,arima,0.0012436323490029322,
RWA,Exposure,ets,1.3322676295501878e-16,
RWA,Food,arima_shared_order,0.006359782677636839,"(2, 0, 0)"
RWA,Governance,arima_shared_order,0.016515266238400595,"(2, 0, 0)"
RWA,Habitat,arima_shared_order,0.000828787772773909,"(2, 0, 0)"
RWA,Health,ets,0.0018098115585304165,
RWA,Infrastructure,ets,0.003938432443482587,
RWA,Sensitivity,ets,0.002719527960801338,
RWA,Social,ets,0.003153999741822844,
RWA,Water,ets,1.6694971622044364e-06,
SAU,Capacity,arima_shared_order,0.004321400530435793,"(2, 0, 0)"
SAU,Economic,ets,0.023558091286131632,
SAU,Ecosystems,ets,0.0019587118845543873,
SAU,Exposure,arima,0.0,
SAU,Food,ets,0.006488757870776174,
SAU,Governance,ets,0.0543780912680472,
SAU,Habitat,arima,0.007586011787550961,
SAU,Health,ets,0.0024846034411251995,
SAU,Infrastructure,ets,5.1063188345834563e-05,
SAU,Sensitivity,arima,0.0008867353535116807,
SAU,Social,ets,0.028916396992615855,
SAU,Water,ets,3.356206497771019e-05,
SDN,Capacity,ets,0.010644954724257416,
SDN,Economic,arima_shared_order,0.014300212954464353,"(2, 0, 0)"
SDN,Ecosystems,ets,0.0018997304213542953,
SDN,Exposure,ets,1.1102230246251565e-16,
SDN,Food,ets,0.016236892548742145,
SDN,Governance,ets,0.008862889970694043,
SDN,Habitat,arima,0.006927106842657094,
SDN,Health,ets,0.02935833241438659,
SDN,Infrastructure,ets,0.006651482943582332,
SDN,Sensitivity,arima_shared_order,0.00756582627660034,"(2, 0, 0)"
SDN,Social,arima,0.00362484121990303,
SDN,Water,ets,0.0029020421667443675,
SEN,Capacity,ets,0.005545562257624903,
SEN,Economic,arima,0.016045105797784155,
SEN,Ecosystems,arima,0.006264242272732201,
SEN,Exposure,arima,0.0,
SEN,Food,ets,0.009751448198501444,
SEN,Governance,arima_shared_order,0.04030426412860475,"(2, 0, 0)"
SEN,Habitat,arima,0.0018741749723708567,
SEN,Health,arima,0.039079404151545295,
SEN,Infrastructure,arima_shared_order,0.008669084148168272,"(2, 0, 0)"
SEN,Sensitivity,arima,0.02219396792916689,
SEN,Social,ets,0.004607893179730582,
SEN,Water,ets,0.0005906257393076153,
SGP,Capacity,ets,0.012712496591179567,
SGP,Economic,arima,0.03825214278227741,
SGP,Ecosystems,ets,0.013168592285484126,
SGP,Exposure,arima,0.0,
SGP,Food,ets,0.021019033946754872,
SGP,Governance,ets,0.0070389817034838265,
SGP,Habitat,arima_shared_order,0.004574161834526758,"(2, 0, 0)"
SGP,Health,ets,0.0017233152054495827,
SGP,Infrastructure,ets,5.795112613526942e-06,
SGP,Sensitivity,arima_shared_order,0.01934507571541233,"(2, 0, 0)"
SGP,Social,arima,0.013202531027959052,
SGP,Water,arima,0.04827603336911187,
SLB,Capacity,ets,0.021538149552033304,
SLB,Economic,arima,0.013721790342304451,
SLB,Ecosystems,ets,0.005288406361298103,
SLB,Exposure,ets,1.1102230246251565e-16,
SLB,Food,arima,0.005972461315401545,
SLB,Governance,arima,0.03813619883198136,
SLB,Habitat,ets,0.003749495118124768,
SLB,Health,arima,0.017163689693733653,
SLB,Infrastructure,ets,0.024226789073340103,
SLB,Sensitivity,arima_shared_order,0.012048672917318093,"(2, 0, 0)"
SLB,Social,ets,0.002884900656583267,
SLB,Water,ets,0.0005226679873012397,
SLE,Capacity,arima,0.010090468334261016,
SLE,Economic,arima_shared_order,0.03966016496735616,"(2, 0, 0)"
SLE,Ecosystems,ets,0.002862160423226401,
SLE,Exposure,arima,0.0,
SLE,Food,arima,0.037387809100635286,
SLE,Governance,arima_shared_order,0.03544795847435369,"(2, 0, 0)"
SLE,Habitat,arima,0.007534581903892934,
SLE,Health,arima,0.014910205770249752,
SLE,Infrastructure,ets,0.003938432443482587,
SLE,Sensitivity,ets,0.011082293806678722,
SLE,Social,arima,0.007375751625835036,
SLE,Water,ets,5.713934506055285e-05,
SLV,Capacity,ets,0.028407184066593684,
SLV,Economic,arima,0.008783466874743674,
SLV,Ecosystems,arima_shared_order,0.001472715655059198,"(2, 0, 0)"
SLV,Exposure,arima,0.0,
SLV,Food,arima,0.010791241363139071,
SLV,Governance,arima_shared_order,0.020458229799729756,"(2, 0, 0)"
SLV,Habitat,arima,0.006262166644975387,
SLV,Health,ets,0.019507748993936314,
SLV,Infrastructure,arima,0.004659760882674413,
SLV,Sensitivity,ets,0.003840623070754878,
SLV,Social,ets,0.0037814588243150872,
SLV,Water,ets,9.342873595652446e-05,
SOM,Capacity,ets,0.003951642489207763,
SOM,Economic,arima_shared_order,0.08526197873370071,"(2, 0, 0)"
SOM,Ecosystems,arima_shared_order,0.00038081197617214626,"(2, 0, 0)"
SOM,Exposure,ets,1.1102230246251565e-16,
SOM,Food,arima,0.0067345931023772955,
SOM,Governance,ets,0.015997537820458006,
SOM,Habitat,arima_shared_order,0.0025082087226214076,"(2, 0, 0)"
SOM,Health,ets,7.44762266391863e-05,
SOM,Infrastructure,arima_shared_order,0.012033903665910778,"(2, 0, 0)"
SOM,Sensitivity,arima,0.0002802551941301967,
SOM,Social,ets,0.002884900656583267,
SOM,Water,ets,3.802720160983597e-09,
SRB,Capacity,arima_shared_order,0.015662858229389797,"(2, 0, 0)"
SRB,Economic,arima,0.054188517475248575,
SRB,Ecosystems,ets,0.012080953312779408,
SRB,Exposure,arima,0.0,
SRB,Food,ets,0.0029788036979674693,
SRB,Governance,arima_shared_order,0.009466171077114626,"(2, 0, 0)"
SRB,Habitat,arima,0.002496247006313723,
SRB,Health,arima_shared_order,0.0009626606895910994,"(2, 0, 0)"
SRB,Infrastructure,arima_shared_order,0.03734114639091347,"(2, 0, 0)"
SRB,Sensitivity,ets,0.009738164879781819,
SRB,Social,ets,0.012708269109071857,
SRB,Water,ets,0.00860546153529157,
STP,Capacity,ets,0.0059465863140229615,
STP,Economic,arima_shared_order,0.016735142451077944,"(2, 0, 0)"
STP,Ecosystems,ets,0.003018796205780205,
STP,Exposure,arima,0.0,
STP,Food,ets,0.004660966152427193,
STP,Governance,arima_shared_order,0.026560866506379253,"(2, 0, 0)"
STP,Habitat,arima,0.010278427888466979,
STP,Health,arima_shared_order,0.00459203866864093,"(2, 0, 0)"
STP,Infrastructure,ets,0.003938432443482587,
STP,Sensitivity,arima_shared_order,0.004182812629535182,"(2, 0, 0)"
STP,Social,ets,0.0056532657922099714,
STP,Water,ets,0.00013989638306237672,
SUR,Capacity,arima_shared_order,0.002259149119109449,"(2, 0, 0)"
SUR,Economic,arima_shared_order,0.006894189132706674,"(2, 0, 0)"
SUR,Ecosystems,arima,0.0012710803038268105,
SUR,Exposure,ets,6.661338147750939e-17,
SUR,Food,arima,0.009570120462330555,
SUR,Governance,arima,0.02090340031197726,
SUR,Habitat,ets,0.0003467426731770695,
SUR,Health,arima,0.007777407507673817,
SUR,Infrastructure,arima,0.011643287127593249,
SUR,Sensitivity,ets,0.006890115604124147,
SUR,Social,ets,0.001292369580847108,
SUR,Water,ets,5.9822595379688257e-05,
SVK,Capacity,ets,0.002232074508002835,
SVK,Economic,arima,0.01162187560170964,
SVK,Ecosystems,ets,0.0014818743398262169,
SVK,Exposure,arima,0.0,
SVK,Food,arima,0.000592009422031492,
SVK,Governance,arima,0.01135469370859119,
SVK,Habitat,arima_shared_order,0.004112533485618253,"(2, 0, 0)"
SVK,Health,arima,0.0015070544196859937,
SVK,Infrastructure,arima_shared_order,0.0033966017960670113,"(2, 0, 0)"
SVK,Sensitivity,arima_shared_order,0.0020050147612624136,"(2, 0, 0)"
SVK,Social,arima_shared_order,0.011639943012970888,"(2, 0, 0)"
SVK,Water,ets,0.00029021570915304106,
SVN,Capacity,ets,0.007688891642823004,
SVN,Economic,ets,0.03330121963480833,
SVN,Ecosystems,ets,0.009711272633205138,
SVN,Exposure,arima,0.0,
SVN,Food,arima,0.002092148239618774,
SVN,Governance,arima,0.02196916526007655,
SVN,Habitat,arima,0.0077420348055311505,
SVN,Health,ets,0.0021857774011838638,
SVN,Infrastructure,arima_shared_order,0.003298858926921294,"(2, 0, 0)"
SVN,Sensitivity,ets,0.004907698348742162,
SVN,Social,arima,0.043805480116771,
SVN,Water,ets,0.006918951414175345,
SWE,Capacity,arima,0.0008027000471735102,
SWE,Economic,arima,0.0374334967180462,
SWE,Ecosystems,ets,0.0019085851097055072,
SWE,Exposure,arima,0.0,
SWE,Food,ets,0.001617331634912178,
SWE,Governance,arima,0.017251465988299568,
SWE,Habitat,ets,0.002043209352176123,
SWE,Health,ets,0.001672231485241793,
SWE,Infrastructure,ets,0.0022495508933145668,
SWE,Sensitivity,arima_shared_order,0.002613590625017187,"(2, 0, 0)"
SWE,Social,arima,0.006167237833529826,
SWE,Water,ets,0.001256611863959023,
SWZ,Capacity,ets,0.015602807873414703,
SWZ,Economic,arima_shared_order,0.008325223124577997,"(2, 0, 0)"
SWZ,Ecosystems,ets,0.007200923965161654,
SWZ,Exposure,ets,6.661338147750939e-17,
SWZ,Food,arima,0.002850949500460409,
SWZ,Governance,ets,0.017576963703497216,
SWZ,Habitat,ets,0.0007654379749947315,
SWZ,Health,arima,0.008111965178270241,
SWZ,Infrastructure,ets,0.05153208479287826,
SWZ,Sensitivity,ets,0.007794615098105662,
SWZ,Social,ets,0.0037635917773253037,
SWZ,Water,arima,0.0008588711818999561,
SYC,Capacity,ets,0.01791489818853471,
SYC,Economic,arima,0.018089565973784826,
SYC,Ecosystems,arima_shared_order,0.005898564695884822,"(2, 0, 0)"
SYC,Exposure,ets,1.1102230246251565e-16,
SYC,Food,ets,0.02535155441053357,
SYC,Governance,ets,0.07045665213814398,
SYC,Habitat,ets,0.0006512740983982135,
SYC,Health,arima_shared_order,0.029442829466238708,"(2, 0, 0)"
SYC,Infrastructure,ets,0.003938432443482587,
SYC,Sensitivity,arima_shared_order,0.021266983154646167,"(2, 0, 0)"
SYC,Social,ets,0.035943679128675486,
SYC,Water,ets,0.0005226679873012397,
SYR,Capacity,ets,0.00982179655213673,
SYR,Economic,ets,0.026644020685328874,
SYR,Ecosystems,arima,0.009565231827572452,
SYR,Exposure,ets,4.4408920985006264e-17,
SYR,Food,ets,0.0028941110841875783,
SYR,Governance,ets,0.062072441982400695,
SYR,Habitat,arima_shared_order,0.019052926980603478,"(2, 0, 0)"
SYR,Health,ets,0.015288223817571656,
SYR,Infrastructure,arima_shared_order,0.0409018302977105,"(2, 0, 0)"
SYR,Sensitivity,arima_shared_order,0.026375249340168307,"(2, 0, 0)"
SYR,Social,ets,0.0111351550088028,
SYR,Water,arima_shared_order,0.004876146367356582,"(2, 0, 0)"
TCD,Capacity,arima_shared_order,0.003459102118801005,"(2, 0, 0)"
TCD,Economic,arima_shared_order,0.02312364208300799,"(2, 0, 0)"
TCD,Ecosystems,arima,0.003068898585840407,
TCD,Exposure,arima,0.0,
TCD,Food,ets,0.005083572204900322,
TCD,Governance,ets,0.012076781987443774,
TCD,Habitat,arima,0.0040583399738272075,
TCD,Health,ets,0.03316893724212344,
TCD,Infrastructure,ets,0.003938432443482587,
TCD,Sensitivity,ets,0.019031964602345974,
TCD,Social,arima,0.0006301092489286786,
TCD,Water,ets,2.7382546734555645e-05,
TGO,Capacity,ets,0.0026765497503112414,
TGO,Economic,arima,0.05861822840945794,
TGO,Ecosystems,ets,0.0057980367778984075,
TGO,Exposure,ets,6.661338147750939e-17,
TGO,Food,arima,0.004011180775425482,
TGO,Governance,arima,0.04810613512576902,
TGO,Habitat,ets,0.002743206005449994,
TGO,Health,ets,0.011846809703385076,
TGO,Infrastructure,ets,0.01373044790541863,
TGO,Sensitivity,ets,0.007222684584090577,
TGO,Social,ets,0.005367820936494128,
TGO,Water,ets,0.0037972562401738406,
THA,Capacity,arima_shared_order,0.014091823119829006,"(2, 0, 0)"
THA,Economic,arima_shared_order,0.022938273777669316,"(2, 0, 0)"
THA,Ecosystems,ets,0.000536480783496418,
THA,Exposure,arima,0.0,
THA,Food,arima_shared_order,0.038001853595969394,"(2, 0, 0)"
THA,Governance,ets,0.022673947750601033,
THA,Habitat,ets,0.006844194994272512,
THA,Health,ets,0.004784158251370396,
THA,Infrastructure,ets,0.0072137812500359,
THA,Sensitivity,ets,0.0030791206714267717,
THA,Social,arima_shared_order,0.006353085759539257,"(2, 0, 0)"
THA,Water,arima_shared_order,0.00024155609711044024,"(2, 0, 0)"
TJK,Capacity,ets,0.029463404783371283,
TJK,Economic,arima,0.0631212455414708,
TJK,Ecosystems,ets,0.003785414186027081,
TJK,Exposure,ets,6.661338147750939e-17,
TJK,Food,arima,0.006561315761975495,
TJK,Governance,arima_shared_order,0.02649890712254712,"(2, 0, 0)"
TJK,Habitat,ets,0.009455651694829448,
TJK,Health,ets,0.020649849150862896,
TJK,Infrastructure,ets,0.0735896313725122,
TJK,Sensitivity,ets,0.006169907311483358,
TJK,Social,ets,0.0076080516121217025,
TJK,Water,arima_shared_order,0.001649822088422148,"(2, 0, 0)"
TKM,Capacity,ets,0.005786415586056947,
TKM,Economic,arima,0.00678190276258257,
TKM,Ecosystems,arima_shared_order,0.0007781277858127988,"(2, 0, 0)"
TKM,Exposure,ets,5.551115123125783e-17,
TKM,Food,ets,0.008960468799677868,
TKM,Governance,ets,0.015022526110934109,
TKM,Habitat,arima,0.0032537471030878564,
TKM,Health,arima,0.0016483419277188217,
TKM,Infrastructure,ets,0.0001641267122396317,
TKM,Sensitivity,arima_shared_order,0.0009337564162928746,"(2, 0, 0)"
TKM,Social,ets,0.006120608618968992,
TKM,Water,ets,0.0016992121200530065,
TLS,Capacity,ets,0.0018646597156743994,
TLS,Economic,ets,0.02718903286954242,
TLS,Ecosystems,ets,0.0021098268757499426,
TLS,Exposure,arima,0.0,
TLS,Food,arima_shared_order,0.031407660271896475,"(2, 0, 0)"
TLS,Governance,ets,0.003612537220489509,
TLS,Habitat,arima_shared_order,0.0004174751254876874,"(2, 0, 0)"
TLS,Health,arima,0.012121289492778176,
TLS,Infrastructure,ets,0.003938432443482587,
TLS,Sensitivity,ets,0.008226215431267437,
TLS,Social,ets,0.001713687964829913,
TLS,Water,arima,0.0,
TON,Capacity,arima,0.0046611249259087325,
TON,Economic,arima_shared_order,0.01523392255771402,"(2, 0, 0)"
TON,Ecosystems,arima_shared_order,0.009841819179911093,"(2, 0, 0)"
TON,Exposure,ets,1.1102230246251565e-16,
TON,Food,arima,0.014894025328487048,
TON,Governance,arima,0.03149450605133073,
TON,Habitat,ets,0.000817110892342221,
TON,Health,ets,0.026697523069746376,
TON,Infrastructure,ets,0.0031183280648990454,
TON,Sensitivity,ets,0.021102702205788228,
TON,Social,arima,0.015115248245594959,
TON,Water,ets,0.0005226679873012397,
TTO,Capacity,ets,0.01671010902946892,
TTO,Economic,arima_shared_order,0.03176151721127629,"(2, 0, 0)"
TTO,Ecosystems,arima_shared_order,0.006799717596904786,"(2, 0, 0)"
TTO,Exposure,arima,0.0,
TTO,Food,ets,0.020866029013592236,
TTO,Governance,arima,0.015353538255487664,
TTO,Habitat,ets,0.0007290170460675371,
TTO,Health,ets,0.008047732791314521,
TTO,Infrastructure,ets,0.027170087699097085,
TTO,Sensitivity,ets,0.006447732465099715,
TTO,Social,ets,0.004590236495141675,
TTO,Water,ets,0.00028293897657797327,
TUN,Capacity,arima,0.005082615033673454,
TUN,Economic,arima_shared_order,0.015278213432436526,"(2, 0, 0)"
TUN,Ecosystems,ets,0.0018803067380035233,
TUN,Exposure,ets,6.661338147750939e-17,
TUN,Food,ets,0.003483371120932366,
TUN,Governance,arima_shared_order,0.007934101854661391,"(2, 0, 0)"
TUN,Habitat,arima_shared_order,0.014011643901103132,"(2, 0, 0)"
TUN,Health,ets,0.0037513025688076128,
TUN,Infrastructure,ets,0.024388684116491442,
TUN,Sensitivity,arima_shared_order,0.020821099880335748,"(2, 0, 0)"
TUN,Social,arima,0.013767194857999687,
TUN,Water,ets,0.0022997111258005742,
TUR,Capacity,ets,0.015814135427140653,
TUR,Economic,ets,0.03073153069530581,
TUR,Ecosystems,ets,0.0029459180303558763,
TUR,Exposure,arima,0.0,
TUR,Food,ets,0.002479142938203849,
TUR,Governance,arima_shared_order,0.04886004035786966,"(2, 0, 0)"
TUR,Habitat,arima,0.004733427959726777,
TUR,Health,ets,0.0012963999487398791,
TUR,Infrastructure,arima,0.0029964344953143486,
TUR,Sensitivity,arima_shared_order,0.0034377694677067195,"(2, 0, 0)"
TUR,Social,ets,0.016610653723791346,
TUR,Water,ets,0.003953642389578849,
TZA,Capacity,ets,0.023970533684321515,
TZA,Economic,arima_shared_order,0.008903489089137361,"(2, 0, 0)"
TZA,Ecosystems,ets,0.006698354576336829,
TZA,Exposure,ets,0.0,
TZA,Food,ets,0.004841031944787777,
TZA,Governance,arima_shared_order,0.02955505256816047,"(2, 0, 0)"
TZA,Habitat,ets,0.010637397394337333,
TZA,Health,ets,0.0020193146439552835,
TZA,Infrastructure,ets,0.032143614577547594,
TZA,Sensitivity,ets,0.002811834628470111,
TZA,Social,ets,0.007577938984941945,
TZA,Water,ets,9.719999871556916e-05,
UGA,Capacity,ets,0.011027583411854548,
UGA,Economic,arima_shared_order,0.054265891020361744,"(2, 0, 0)"
UGA,Ecosystems,ets,0.0032962991873674687,
UGA,Exposure,ets,6.661338147750939e-17,
UGA,Food,ets,0.007612801242579015,
UGA,Governance,ets,0.011521467976435407,
UGA,Habitat,arima,0.005499633420254724,
UGA,Health,ets,0.0026116777222565226,
UGA,Infrastructure,ets,0.009156703793423237,
UGA,Sensitivity,arima,0.005945203589049275,
UGA,Social,ets,0.0017201173907163136,
UGA,Water,ets,0.0004088223864001761,
UKR,Capacity,ets,0.037198355385380175,
UKR,Economic,arima_shared_order,0.1563796171244714,"(2, 0, 0)"
UKR,Ecosystems,ets,0.007663528309722767,
UKR,Exposure,arima,0.0,
UKR,Food,arima_shared_order,0.0018599797614495261,"(2, 0, 0)"
UKR,Governance,arima_shared_order,0.041972843358880095,"(2, 0, 0)"
UKR,Habitat,arima_shared_order,0.005851655136413591,"(2, 0, 0)"
UKR,Health,arima,0.0074056460033167125,
UKR,Infrastructure,ets,0.0742865864003755,
UKR,Sensitivity,arima,0.002781987833387123,
UKR,Social,ets,0.0267033060261909,
UKR,Water,arima_shared_order,0.003758952015908501,"(2, 0, 0)"
URY,Capacity,ets,0.008120622472872074,
URY,Economic,ets,0.018711508566142697,
URY,Ecosystems,ets,0.0004381926838999073,
URY,Exposure,arima,0.0,
URY,Food,arima,0.001968628827927721,
URY,Governance,arima,0.004171106396641267,
URY,Habitat,ets,0.007207646441481974,
URY,Health,ets,0.0066049479647566686,
URY,Infrastructure,ets,0.03918745000181099,
URY,Sensitivity,ets,0.004574358601327844,
URY,Social,arima,0.005874156643822381,
URY,Water,ets,7.788094424920899e-09,
USA,Capacity,ets,0.002505743226176432,
USA,Economic,arima_shared_order,0.1915621275629567,"(2, 0, 0)"
USA,Ecosystems,ets,0.0016312123969308367,
USA,Exposure,arima,0.0,
USA,Food,arima,0.0013670196650661048,
USA,Governance,ets,0.0159499125585839,
USA,Habitat,arima_shared_order,0.0038952019004023118,"(2, 0, 0)"
USA,Health,ets,0.007718143842774505,
USA,Infrastructure,arima_shared_order,0.0035160073235329715,"(2, 0, 0)"
USA,Sensitivity,arima_shared_order,0.002083802173288729,"(2, 0, 0)"
USA,Social,ets,0.0027277013779734792,
USA,Water,ets,0.0003858421385758981,
UZB,Capacity,ets,0.004607886557672969,
UZB,Economic,arima,0.10008596177849442,
UZB,Ecosystems,arima,0.0018003991852404643,
UZB,Exposure,arima,0.0,
UZB,Food,arima,0.006890445917678578,
UZB,Governance,arima,0.011246925152675025,
UZB,Habitat,arima,0.010220246269995315,
UZB,Health,arima_shared_order,0.008327349792174431,"(2, 0, 0)"
UZB,Infrastructure,ets,0.0002089585247495085,
UZB,Sensitivity,arima,0.0007895528238189731,
UZB,Social,ets,0.014291113099366171,
UZB,Water,ets,6.97999987631981e-05,
VCT,Capacity,ets,0.0018646597156743994,
VCT,Economic,arima,0.023042746203760824,
VCT,Ecosystems,ets,0.0010856723252712474,
VCT,Exposure,ets,6.661338147750939e-17,
VCT,Food,ets,0.0033047278273320435,
VCT,Governance,arima,0.029075051190689004,
VCT,Habitat,arima,0.000251109924906201,
VCT,Health,ets,0.011066824815029097,
VCT,Infrastructure,arima_shared_order,0.0007857406734275707,"(2, 0, 0)"
VCT,Sensitivity,ets,0.0031277683407843647,
VCT,Social,ets,0.004142949288170228,
VCT,Water,ets,0.0005226679873012397,
VEN,Capacity,arima_shared_order,0.0040389003439872066,"(2, 0, 0)"
VEN,Economic,arima,0.02362118884346487,
VEN,Ecosystems,ets,0.0013426004952579729,
VEN,Exposure,ets,6.661338147750939e-17,
VEN,Food,ets,0.007717150234036463,
VEN,Governance,ets,0.010603778734760639,
VEN,Habitat,arima,0.006670605125378981,
VEN,Health,ets,0.001277600080622443,
VEN,Infrastructure,arima_shared_order,0.0005947438472681365,"(2, 0, 0)"
VEN,Sensitivity,arima,0.0010748642133745824,
VEN,Social,arima,0.008001693748432803,
VEN,Water,arima,0.00023780545803677166,
VNM,Capacity,ets,0.0077399144502895865,
VNM,Economic,arima_shared_order,0.03193954692222645,"(2, 0, 0)"
VNM,Ecosystems,ets,0.0042504016604288705,
VNM,Exposure,arima,0.0,
VNM,Food,ets,0.007862199553973714,
VNM,Governance,ets,0.013644977748860754,
VNM,Habitat,arima,0.008076646657236008,
VNM,Health,ets,0.0036081514712309913,
VNM,Infrastructure,arima,0.02394356518494024,
VNM,Sensitivity,arima,0.006830686448625079,
VNM,Social,ets,0.01795631443579333,
VNM,Water,ets,0.0019762978810525023,
VUT,Capacity,ets,0.0263786782940467,
VUT,Economic,arima,0.006027586838960652,
VUT,Ecosystems,ets,0.0036693476099963207,
VUT,Exposure,ets,4.4408920985006264e-17,
VUT,Food,ets,0.0011550194139450243,
VUT,Governance,arima,0.07367884251550358,
VUT,Habitat,ets,0.0006497475319818368,
VUT,Health,ets,0.01454620708121177,
VUT,Infrastructure,ets,0.046086101982047656,
VUT,Sensitivity,ets,0.005960099941753427,
VUT,Social,ets,0.020601403738303416,
VUT,Water,ets,0.0005226679873012397,
WSM,Capacity,ets,0.005230480563054707,
WSM,Economic,arima_shared_order,0.01207245298345323,"(2, 0, 0)"
WSM,Ecosystems,ets,0.0041418668773892,
WSM,Exposure,arima,0.0,
WSM,Food,ets,0.0035781420685604415,
WSM,Governance,ets,0.055177449657385524,
WSM,Habitat,arima_shared_order,0.00039242529586778205,"(2, 0, 0)"
WSM,Health,arima,0.019242271882808516,
WSM,Infrastructure,ets,0.011048112038824342,
WSM,Sensitivity,arima,0.013883552105448616,
WSM,Social,ets,0.010565328232405125,
WSM,Water,arima,0.00034007998281032625,
YEM,Capacity,arima_shared_order,0.009138874817507081,"(2, 0, 0)"
YEM,Economic,ets,0.008047859703140347,
YEM,Ecosystems,ets,0.005240508469694971,
YEM,Exposure,arima,0.0,
YEM,Food,ets,0.015316822955685238,
YEM,Governance,ets,0.06139986736833793,
YEM,Habitat,arima,0.015298166026639382,
YEM,Health,arima,0.027932979903910173,
YEM,Infrastructure,ets,0.026628198963033693,
YEM,Sensitivity,arima,0.04075943214148965,
YEM,Social,arima,0.0010248828113859965,
YEM,Water,ets,1.439441108275208e-06,
ZAF,Capacity,ets,0.005226820469991433,
ZAF,Economic,ets,0.026276619254709987,
ZAF,Ecosystems,ets,0.00630010852146301,
ZAF,Exposure,ets,4.4408920985006264e-17,
ZAF,Food,arima_shared_order,0.0020763313976005283,"(2, 0, 0)"
ZAF,Governance,arima_shared_order,0.0230861557373645,"(2, 0, 0)"
ZAF,Habitat,arima,0.008801390650993756,
ZAF,Health,arima_shared_order,0.034654007179065596,"(2, 0, 0)"
ZAF,Infrastructure,ets,0.006054445831796085,
ZAF,Sensitivity,ets,0.00926010958314149,
ZAF,Social,ets,0.006189154060156299,
ZAF,Water,ets,0.016136192132436465,
ZMB,Capacity,ets,0.006847052767810213,
ZMB,Economic,arima_shared_order,0.04074977203633716,"(2, 0, 0)"
ZMB,Ecosystems,ets,0.004410000790548563,
ZMB,Exposure,arima,0.0,
ZMB,Food,ets,0.00490175488729967,
ZMB,Governance,arima_shared_order,0.01911152806524561,"(2, 0, 0)"
ZMB,Habitat,arima,0.006396276529037737,
ZMB,Health,arima_shared_order,0.012766493621730057,"(2, 0, 0)"
ZMB,Infrastructure,arima_shared_order,0.00193189351012919,"(2, 0, 0)"
ZMB,Sensitivity,arima,0.0022970954324900705,
ZMB,Social,ets,0.0017065882996721183,
ZMB,Water,ets,5.834221994405197e-15,
ZWE,Capacity,ets,0.004556399877213901,
ZWE,Economic,arima_shared_order,0.018573629145476733,"(2, 0, 0)"
ZWE,Ecosystems,ets,0.0013726987389069746,
ZWE,Exposure,arima,0.0,
ZWE,Food,ets,0.007185248493192908,
ZWE,Governance,arima_shared_order,0.00922043691043748,"(2, 0, 0)"
ZWE,Habitat,ets,0.004647144900221623,
ZWE,Health,arima,0.010113247758039744,
ZWE,Infrastructure,arima,0.012597817299866754,
ZWE,Sensitivity,ets,0.019521577439188077,
ZWE,Social,ets,0.005848515835234891,
ZWE,Water,ets,0.0011121786689003766,
